"";"A.MIO_NAC.CO.S11.ASS.F.AT";"A.MIO_NAC.CO.S11.ASS.F.BE";"A.MIO_NAC.CO.S11.ASS.F.BG";"A.MIO_NAC.CO.S11.ASS.F.BR";"A.MIO_NAC.CO.S11.ASS.F.CA";"A.MIO_NAC.CO.S11.ASS.F.CH";"A.MIO_NAC.CO.S11.ASS.F.CL";"A.MIO_NAC.CO.S11.ASS.F.CO";"A.MIO_NAC.CO.S11.ASS.F.CY";"A.MIO_NAC.CO.S11.ASS.F.CZ";"A.MIO_NAC.CO.S11.ASS.F.DE";"A.MIO_NAC.CO.S11.ASS.F.DK";"A.MIO_NAC.CO.S11.ASS.F.EA19";"A.MIO_NAC.CO.S11.ASS.F.EE";"A.MIO_NAC.CO.S11.ASS.F.EL";"A.MIO_NAC.CO.S11.ASS.F.ES";"A.MIO_NAC.CO.S11.ASS.F.EU28";"A.MIO_NAC.CO.S11.ASS.F.FI";"A.MIO_NAC.CO.S11.ASS.F.FR";"A.MIO_NAC.CO.S11.ASS.F.HR";"A.MIO_NAC.CO.S11.ASS.F.HU";"A.MIO_NAC.CO.S11.ASS.F.IE";"A.MIO_NAC.CO.S11.ASS.F.IL";"A.MIO_NAC.CO.S11.ASS.F.IS";"A.MIO_NAC.CO.S11.ASS.F.IT";"A.MIO_NAC.CO.S11.ASS.F.JP";"A.MIO_NAC.CO.S11.ASS.F.KR";"A.MIO_NAC.CO.S11.ASS.F.LT";"A.MIO_NAC.CO.S11.ASS.F.LU";"A.MIO_NAC.CO.S11.ASS.F.LV";"A.MIO_NAC.CO.S11.ASS.F.ME";"A.MIO_NAC.CO.S11.ASS.F.MK";"A.MIO_NAC.CO.S11.ASS.F.MT";"A.MIO_NAC.CO.S11.ASS.F.MX";"A.MIO_NAC.CO.S11.ASS.F.NL";"A.MIO_NAC.CO.S11.ASS.F.NO";"A.MIO_NAC.CO.S11.ASS.F.PL";"A.MIO_NAC.CO.S11.ASS.F.PT";"A.MIO_NAC.CO.S11.ASS.F.RO";"A.MIO_NAC.CO.S11.ASS.F.RS";"A.MIO_NAC.CO.S11.ASS.F.RU";"A.MIO_NAC.CO.S11.ASS.F.SE";"A.MIO_NAC.CO.S11.ASS.F.SI";"A.MIO_NAC.CO.S11.ASS.F.SK";"A.MIO_NAC.CO.S11.ASS.F.TR";"A.MIO_NAC.CO.S11.ASS.F.UK";"A.MIO_NAC.CO.S11.ASS.F.US";"A.MIO_NAC.CO.S12.ASS.F.AT";"A.MIO_NAC.CO.S12.ASS.F.BE";"A.MIO_NAC.CO.S12.ASS.F.BG";"A.MIO_NAC.CO.S12.ASS.F.BR";"A.MIO_NAC.CO.S12.ASS.F.CA";"A.MIO_NAC.CO.S12.ASS.F.CH";"A.MIO_NAC.CO.S12.ASS.F.CL";"A.MIO_NAC.CO.S12.ASS.F.CO";"A.MIO_NAC.CO.S12.ASS.F.CY";"A.MIO_NAC.CO.S12.ASS.F.CZ";"A.MIO_NAC.CO.S12.ASS.F.DE";"A.MIO_NAC.CO.S12.ASS.F.DK";"A.MIO_NAC.CO.S12.ASS.F.EA19";"A.MIO_NAC.CO.S12.ASS.F.EE";"A.MIO_NAC.CO.S12.ASS.F.EL";"A.MIO_NAC.CO.S12.ASS.F.ES";"A.MIO_NAC.CO.S12.ASS.F.EU28";"A.MIO_NAC.CO.S12.ASS.F.FI";"A.MIO_NAC.CO.S12.ASS.F.FR";"A.MIO_NAC.CO.S12.ASS.F.HR";"A.MIO_NAC.CO.S12.ASS.F.HU";"A.MIO_NAC.CO.S12.ASS.F.IE";"A.MIO_NAC.CO.S12.ASS.F.IL";"A.MIO_NAC.CO.S12.ASS.F.IS";"A.MIO_NAC.CO.S12.ASS.F.IT";"A.MIO_NAC.CO.S12.ASS.F.JP";"A.MIO_NAC.CO.S12.ASS.F.KR";"A.MIO_NAC.CO.S12.ASS.F.LT";"A.MIO_NAC.CO.S12.ASS.F.LU";"A.MIO_NAC.CO.S12.ASS.F.LV";"A.MIO_NAC.CO.S12.ASS.F.ME";"A.MIO_NAC.CO.S12.ASS.F.MK";"A.MIO_NAC.CO.S12.ASS.F.MT";"A.MIO_NAC.CO.S12.ASS.F.MX";"A.MIO_NAC.CO.S12.ASS.F.NL";"A.MIO_NAC.CO.S12.ASS.F.NO";"A.MIO_NAC.CO.S12.ASS.F.PL";"A.MIO_NAC.CO.S12.ASS.F.PT";"A.MIO_NAC.CO.S12.ASS.F.RO";"A.MIO_NAC.CO.S12.ASS.F.RS";"A.MIO_NAC.CO.S12.ASS.F.RU";"A.MIO_NAC.CO.S12.ASS.F.SE";"A.MIO_NAC.CO.S12.ASS.F.SI";"A.MIO_NAC.CO.S12.ASS.F.SK";"A.MIO_NAC.CO.S12.ASS.F.TR";"A.MIO_NAC.CO.S12.ASS.F.UK";"A.MIO_NAC.CO.S12.ASS.F.US";"A.MIO_NAC.CO.S13.ASS.F.AT";"A.MIO_NAC.CO.S13.ASS.F.BE";"A.MIO_NAC.CO.S13.ASS.F.BG";"A.MIO_NAC.CO.S13.ASS.F.BR";"A.MIO_NAC.CO.S13.ASS.F.CA";"A.MIO_NAC.CO.S13.ASS.F.CH";"A.MIO_NAC.CO.S13.ASS.F.CL";"A.MIO_NAC.CO.S13.ASS.F.CO";"A.MIO_NAC.CO.S13.ASS.F.CY";"A.MIO_NAC.CO.S13.ASS.F.CZ";"A.MIO_NAC.CO.S13.ASS.F.DE";"A.MIO_NAC.CO.S13.ASS.F.DK";"A.MIO_NAC.CO.S13.ASS.F.EA19";"A.MIO_NAC.CO.S13.ASS.F.EE";"A.MIO_NAC.CO.S13.ASS.F.EL";"A.MIO_NAC.CO.S13.ASS.F.ES";"A.MIO_NAC.CO.S13.ASS.F.EU28";"A.MIO_NAC.CO.S13.ASS.F.FI";"A.MIO_NAC.CO.S13.ASS.F.FR";"A.MIO_NAC.CO.S13.ASS.F.HR";"A.MIO_NAC.CO.S13.ASS.F.HU";"A.MIO_NAC.CO.S13.ASS.F.IE";"A.MIO_NAC.CO.S13.ASS.F.IL";"A.MIO_NAC.CO.S13.ASS.F.IS";"A.MIO_NAC.CO.S13.ASS.F.IT";"A.MIO_NAC.CO.S13.ASS.F.JP";"A.MIO_NAC.CO.S13.ASS.F.KR";"A.MIO_NAC.CO.S13.ASS.F.LT";"A.MIO_NAC.CO.S13.ASS.F.LU";"A.MIO_NAC.CO.S13.ASS.F.LV";"A.MIO_NAC.CO.S13.ASS.F.ME";"A.MIO_NAC.CO.S13.ASS.F.MK";"A.MIO_NAC.CO.S13.ASS.F.MT";"A.MIO_NAC.CO.S13.ASS.F.MX";"A.MIO_NAC.CO.S13.ASS.F.NL";"A.MIO_NAC.CO.S13.ASS.F.NO";"A.MIO_NAC.CO.S13.ASS.F.PL";"A.MIO_NAC.CO.S13.ASS.F.PT";"A.MIO_NAC.CO.S13.ASS.F.RO";"A.MIO_NAC.CO.S13.ASS.F.RS";"A.MIO_NAC.CO.S13.ASS.F.RU";"A.MIO_NAC.CO.S13.ASS.F.SE";"A.MIO_NAC.CO.S13.ASS.F.SI";"A.MIO_NAC.CO.S13.ASS.F.SK";"A.MIO_NAC.CO.S13.ASS.F.TR";"A.MIO_NAC.CO.S13.ASS.F.UK";"A.MIO_NAC.CO.S13.ASS.F.US";"A.MIO_NAC.CO.S14_S15.ASS.F.AT";"A.MIO_NAC.CO.S14_S15.ASS.F.BE";"A.MIO_NAC.CO.S14_S15.ASS.F.BG";"A.MIO_NAC.CO.S14_S15.ASS.F.BR";"A.MIO_NAC.CO.S14_S15.ASS.F.CA";"A.MIO_NAC.CO.S14_S15.ASS.F.CH";"A.MIO_NAC.CO.S14_S15.ASS.F.CL";"A.MIO_NAC.CO.S14_S15.ASS.F.CO";"A.MIO_NAC.CO.S14_S15.ASS.F.CY";"A.MIO_NAC.CO.S14_S15.ASS.F.CZ";"A.MIO_NAC.CO.S14_S15.ASS.F.DE";"A.MIO_NAC.CO.S14_S15.ASS.F.DK";"A.MIO_NAC.CO.S14_S15.ASS.F.EA19";"A.MIO_NAC.CO.S14_S15.ASS.F.EE";"A.MIO_NAC.CO.S14_S15.ASS.F.EL";"A.MIO_NAC.CO.S14_S15.ASS.F.ES";"A.MIO_NAC.CO.S14_S15.ASS.F.EU28";"A.MIO_NAC.CO.S14_S15.ASS.F.FI";"A.MIO_NAC.CO.S14_S15.ASS.F.FR";"A.MIO_NAC.CO.S14_S15.ASS.F.HR";"A.MIO_NAC.CO.S14_S15.ASS.F.HU";"A.MIO_NAC.CO.S14_S15.ASS.F.IE";"A.MIO_NAC.CO.S14_S15.ASS.F.IL";"A.MIO_NAC.CO.S14_S15.ASS.F.IS";"A.MIO_NAC.CO.S14_S15.ASS.F.IT";"A.MIO_NAC.CO.S14_S15.ASS.F.JP";"A.MIO_NAC.CO.S14_S15.ASS.F.KR";"A.MIO_NAC.CO.S14_S15.ASS.F.LT";"A.MIO_NAC.CO.S14_S15.ASS.F.LU";"A.MIO_NAC.CO.S14_S15.ASS.F.LV";"A.MIO_NAC.CO.S14_S15.ASS.F.ME";"A.MIO_NAC.CO.S14_S15.ASS.F.MK";"A.MIO_NAC.CO.S14_S15.ASS.F.MT";"A.MIO_NAC.CO.S14_S15.ASS.F.MX";"A.MIO_NAC.CO.S14_S15.ASS.F.NL";"A.MIO_NAC.CO.S14_S15.ASS.F.NO";"A.MIO_NAC.CO.S14_S15.ASS.F.PL";"A.MIO_NAC.CO.S14_S15.ASS.F.PT";"A.MIO_NAC.CO.S14_S15.ASS.F.RO";"A.MIO_NAC.CO.S14_S15.ASS.F.RS";"A.MIO_NAC.CO.S14_S15.ASS.F.RU";"A.MIO_NAC.CO.S14_S15.ASS.F.SE";"A.MIO_NAC.CO.S14_S15.ASS.F.SI";"A.MIO_NAC.CO.S14_S15.ASS.F.SK";"A.MIO_NAC.CO.S14_S15.ASS.F.TR";"A.MIO_NAC.CO.S14_S15.ASS.F.UK";"A.MIO_NAC.CO.S14_S15.ASS.F.US";"A.MIO_NAC.CO.S2.ASS.F.AT";"A.MIO_NAC.CO.S2.ASS.F.BE";"A.MIO_NAC.CO.S2.ASS.F.BG";"A.MIO_NAC.CO.S2.ASS.F.BR";"A.MIO_NAC.CO.S2.ASS.F.CA";"A.MIO_NAC.CO.S2.ASS.F.CH";"A.MIO_NAC.CO.S2.ASS.F.CL";"A.MIO_NAC.CO.S2.ASS.F.CO";"A.MIO_NAC.CO.S2.ASS.F.CY";"A.MIO_NAC.CO.S2.ASS.F.CZ";"A.MIO_NAC.CO.S2.ASS.F.DE";"A.MIO_NAC.CO.S2.ASS.F.DK";"A.MIO_NAC.CO.S2.ASS.F.EA19";"A.MIO_NAC.CO.S2.ASS.F.EE";"A.MIO_NAC.CO.S2.ASS.F.EL";"A.MIO_NAC.CO.S2.ASS.F.ES";"A.MIO_NAC.CO.S2.ASS.F.EU28";"A.MIO_NAC.CO.S2.ASS.F.FI";"A.MIO_NAC.CO.S2.ASS.F.FR";"A.MIO_NAC.CO.S2.ASS.F.HR";"A.MIO_NAC.CO.S2.ASS.F.HU";"A.MIO_NAC.CO.S2.ASS.F.IE";"A.MIO_NAC.CO.S2.ASS.F.IL";"A.MIO_NAC.CO.S2.ASS.F.IS";"A.MIO_NAC.CO.S2.ASS.F.IT";"A.MIO_NAC.CO.S2.ASS.F.JP";"A.MIO_NAC.CO.S2.ASS.F.KR";"A.MIO_NAC.CO.S2.ASS.F.LT";"A.MIO_NAC.CO.S2.ASS.F.LU";"A.MIO_NAC.CO.S2.ASS.F.LV";"A.MIO_NAC.CO.S2.ASS.F.ME";"A.MIO_NAC.CO.S2.ASS.F.MK";"A.MIO_NAC.CO.S2.ASS.F.MT";"A.MIO_NAC.CO.S2.ASS.F.MX";"A.MIO_NAC.CO.S2.ASS.F.NL";"A.MIO_NAC.CO.S2.ASS.F.NO";"A.MIO_NAC.CO.S2.ASS.F.PL";"A.MIO_NAC.CO.S2.ASS.F.PT";"A.MIO_NAC.CO.S2.ASS.F.RO";"A.MIO_NAC.CO.S2.ASS.F.RS";"A.MIO_NAC.CO.S2.ASS.F.RU";"A.MIO_NAC.CO.S2.ASS.F.SE";"A.MIO_NAC.CO.S2.ASS.F.SI";"A.MIO_NAC.CO.S2.ASS.F.SK";"A.MIO_NAC.CO.S2.ASS.F.TR";"A.MIO_NAC.CO.S2.ASS.F.UK";"A.MIO_NAC.CO.S2.ASS.F.US";"A.MIO_NAC.NCO.S11.ASS.F.AT";"A.MIO_NAC.NCO.S11.ASS.F.BE";"A.MIO_NAC.NCO.S11.ASS.F.BG";"A.MIO_NAC.NCO.S11.ASS.F.BR";"A.MIO_NAC.NCO.S11.ASS.F.CA";"A.MIO_NAC.NCO.S11.ASS.F.CH";"A.MIO_NAC.NCO.S11.ASS.F.CL";"A.MIO_NAC.NCO.S11.ASS.F.CO";"A.MIO_NAC.NCO.S11.ASS.F.CY";"A.MIO_NAC.NCO.S11.ASS.F.CZ";"A.MIO_NAC.NCO.S11.ASS.F.DE";"A.MIO_NAC.NCO.S11.ASS.F.DK";"A.MIO_NAC.NCO.S11.ASS.F.EA19";"A.MIO_NAC.NCO.S11.ASS.F.EE";"A.MIO_NAC.NCO.S11.ASS.F.EL";"A.MIO_NAC.NCO.S11.ASS.F.ES";"A.MIO_NAC.NCO.S11.ASS.F.EU28";"A.MIO_NAC.NCO.S11.ASS.F.FI";"A.MIO_NAC.NCO.S11.ASS.F.FR";"A.MIO_NAC.NCO.S11.ASS.F.HR";"A.MIO_NAC.NCO.S11.ASS.F.HU";"A.MIO_NAC.NCO.S11.ASS.F.IE";"A.MIO_NAC.NCO.S11.ASS.F.IL";"A.MIO_NAC.NCO.S11.ASS.F.IS";"A.MIO_NAC.NCO.S11.ASS.F.IT";"A.MIO_NAC.NCO.S11.ASS.F.JP";"A.MIO_NAC.NCO.S11.ASS.F.KR";"A.MIO_NAC.NCO.S11.ASS.F.LT";"A.MIO_NAC.NCO.S11.ASS.F.LU";"A.MIO_NAC.NCO.S11.ASS.F.LV";"A.MIO_NAC.NCO.S11.ASS.F.ME";"A.MIO_NAC.NCO.S11.ASS.F.MK";"A.MIO_NAC.NCO.S11.ASS.F.MT";"A.MIO_NAC.NCO.S11.ASS.F.MX";"A.MIO_NAC.NCO.S11.ASS.F.NL";"A.MIO_NAC.NCO.S11.ASS.F.NO";"A.MIO_NAC.NCO.S11.ASS.F.PL";"A.MIO_NAC.NCO.S11.ASS.F.PT";"A.MIO_NAC.NCO.S11.ASS.F.RO";"A.MIO_NAC.NCO.S11.ASS.F.RS";"A.MIO_NAC.NCO.S11.ASS.F.RU";"A.MIO_NAC.NCO.S11.ASS.F.SE";"A.MIO_NAC.NCO.S11.ASS.F.SI";"A.MIO_NAC.NCO.S11.ASS.F.SK";"A.MIO_NAC.NCO.S11.ASS.F.TR";"A.MIO_NAC.NCO.S11.ASS.F.UK";"A.MIO_NAC.NCO.S11.ASS.F.US";"A.MIO_NAC.NCO.S12.ASS.F.AT";"A.MIO_NAC.NCO.S12.ASS.F.BE";"A.MIO_NAC.NCO.S12.ASS.F.BG";"A.MIO_NAC.NCO.S12.ASS.F.BR";"A.MIO_NAC.NCO.S12.ASS.F.CA";"A.MIO_NAC.NCO.S12.ASS.F.CH";"A.MIO_NAC.NCO.S12.ASS.F.CL";"A.MIO_NAC.NCO.S12.ASS.F.CO";"A.MIO_NAC.NCO.S12.ASS.F.CY";"A.MIO_NAC.NCO.S12.ASS.F.CZ";"A.MIO_NAC.NCO.S12.ASS.F.DE";"A.MIO_NAC.NCO.S12.ASS.F.DK";"A.MIO_NAC.NCO.S12.ASS.F.EA19";"A.MIO_NAC.NCO.S12.ASS.F.EE";"A.MIO_NAC.NCO.S12.ASS.F.EL";"A.MIO_NAC.NCO.S12.ASS.F.ES";"A.MIO_NAC.NCO.S12.ASS.F.EU28";"A.MIO_NAC.NCO.S12.ASS.F.FI";"A.MIO_NAC.NCO.S12.ASS.F.FR";"A.MIO_NAC.NCO.S12.ASS.F.HR";"A.MIO_NAC.NCO.S12.ASS.F.HU";"A.MIO_NAC.NCO.S12.ASS.F.IE";"A.MIO_NAC.NCO.S12.ASS.F.IL";"A.MIO_NAC.NCO.S12.ASS.F.IS";"A.MIO_NAC.NCO.S12.ASS.F.IT";"A.MIO_NAC.NCO.S12.ASS.F.JP";"A.MIO_NAC.NCO.S12.ASS.F.KR";"A.MIO_NAC.NCO.S12.ASS.F.LT";"A.MIO_NAC.NCO.S12.ASS.F.LU";"A.MIO_NAC.NCO.S12.ASS.F.LV";"A.MIO_NAC.NCO.S12.ASS.F.ME";"A.MIO_NAC.NCO.S12.ASS.F.MK";"A.MIO_NAC.NCO.S12.ASS.F.MT";"A.MIO_NAC.NCO.S12.ASS.F.MX";"A.MIO_NAC.NCO.S12.ASS.F.NL";"A.MIO_NAC.NCO.S12.ASS.F.NO";"A.MIO_NAC.NCO.S12.ASS.F.PL";"A.MIO_NAC.NCO.S12.ASS.F.PT";"A.MIO_NAC.NCO.S12.ASS.F.RO";"A.MIO_NAC.NCO.S12.ASS.F.RS";"A.MIO_NAC.NCO.S12.ASS.F.RU";"A.MIO_NAC.NCO.S12.ASS.F.SE";"A.MIO_NAC.NCO.S12.ASS.F.SI";"A.MIO_NAC.NCO.S12.ASS.F.SK";"A.MIO_NAC.NCO.S12.ASS.F.TR";"A.MIO_NAC.NCO.S12.ASS.F.UK";"A.MIO_NAC.NCO.S12.ASS.F.US";"A.MIO_NAC.NCO.S13.ASS.F.AT";"A.MIO_NAC.NCO.S13.ASS.F.BE";"A.MIO_NAC.NCO.S13.ASS.F.BG";"A.MIO_NAC.NCO.S13.ASS.F.BR";"A.MIO_NAC.NCO.S13.ASS.F.CA";"A.MIO_NAC.NCO.S13.ASS.F.CH";"A.MIO_NAC.NCO.S13.ASS.F.CL";"A.MIO_NAC.NCO.S13.ASS.F.CO";"A.MIO_NAC.NCO.S13.ASS.F.CY";"A.MIO_NAC.NCO.S13.ASS.F.CZ";"A.MIO_NAC.NCO.S13.ASS.F.DE";"A.MIO_NAC.NCO.S13.ASS.F.DK";"A.MIO_NAC.NCO.S13.ASS.F.EA19";"A.MIO_NAC.NCO.S13.ASS.F.EE";"A.MIO_NAC.NCO.S13.ASS.F.EL";"A.MIO_NAC.NCO.S13.ASS.F.ES";"A.MIO_NAC.NCO.S13.ASS.F.EU28";"A.MIO_NAC.NCO.S13.ASS.F.FI";"A.MIO_NAC.NCO.S13.ASS.F.FR";"A.MIO_NAC.NCO.S13.ASS.F.HR";"A.MIO_NAC.NCO.S13.ASS.F.HU";"A.MIO_NAC.NCO.S13.ASS.F.IE";"A.MIO_NAC.NCO.S13.ASS.F.IL";"A.MIO_NAC.NCO.S13.ASS.F.IS";"A.MIO_NAC.NCO.S13.ASS.F.IT";"A.MIO_NAC.NCO.S13.ASS.F.JP";"A.MIO_NAC.NCO.S13.ASS.F.KR";"A.MIO_NAC.NCO.S13.ASS.F.LT";"A.MIO_NAC.NCO.S13.ASS.F.LU";"A.MIO_NAC.NCO.S13.ASS.F.LV";"A.MIO_NAC.NCO.S13.ASS.F.ME";"A.MIO_NAC.NCO.S13.ASS.F.MK";"A.MIO_NAC.NCO.S13.ASS.F.MT";"A.MIO_NAC.NCO.S13.ASS.F.MX";"A.MIO_NAC.NCO.S13.ASS.F.NL";"A.MIO_NAC.NCO.S13.ASS.F.NO";"A.MIO_NAC.NCO.S13.ASS.F.PL";"A.MIO_NAC.NCO.S13.ASS.F.PT";"A.MIO_NAC.NCO.S13.ASS.F.RO";"A.MIO_NAC.NCO.S13.ASS.F.RS";"A.MIO_NAC.NCO.S13.ASS.F.RU";"A.MIO_NAC.NCO.S13.ASS.F.SE";"A.MIO_NAC.NCO.S13.ASS.F.SI";"A.MIO_NAC.NCO.S13.ASS.F.SK";"A.MIO_NAC.NCO.S13.ASS.F.TR";"A.MIO_NAC.NCO.S13.ASS.F.UK";"A.MIO_NAC.NCO.S13.ASS.F.US";"A.MIO_NAC.NCO.S14_S15.ASS.F.AT";"A.MIO_NAC.NCO.S14_S15.ASS.F.BE";"A.MIO_NAC.NCO.S14_S15.ASS.F.BG";"A.MIO_NAC.NCO.S14_S15.ASS.F.BR";"A.MIO_NAC.NCO.S14_S15.ASS.F.CA";"A.MIO_NAC.NCO.S14_S15.ASS.F.CH";"A.MIO_NAC.NCO.S14_S15.ASS.F.CL";"A.MIO_NAC.NCO.S14_S15.ASS.F.CO";"A.MIO_NAC.NCO.S14_S15.ASS.F.CY";"A.MIO_NAC.NCO.S14_S15.ASS.F.CZ";"A.MIO_NAC.NCO.S14_S15.ASS.F.DE";"A.MIO_NAC.NCO.S14_S15.ASS.F.DK";"A.MIO_NAC.NCO.S14_S15.ASS.F.EA19";"A.MIO_NAC.NCO.S14_S15.ASS.F.EE";"A.MIO_NAC.NCO.S14_S15.ASS.F.EL";"A.MIO_NAC.NCO.S14_S15.ASS.F.ES";"A.MIO_NAC.NCO.S14_S15.ASS.F.EU28";"A.MIO_NAC.NCO.S14_S15.ASS.F.FI";"A.MIO_NAC.NCO.S14_S15.ASS.F.FR";"A.MIO_NAC.NCO.S14_S15.ASS.F.HR";"A.MIO_NAC.NCO.S14_S15.ASS.F.HU";"A.MIO_NAC.NCO.S14_S15.ASS.F.IE";"A.MIO_NAC.NCO.S14_S15.ASS.F.IL";"A.MIO_NAC.NCO.S14_S15.ASS.F.IS";"A.MIO_NAC.NCO.S14_S15.ASS.F.IT";"A.MIO_NAC.NCO.S14_S15.ASS.F.JP";"A.MIO_NAC.NCO.S14_S15.ASS.F.KR";"A.MIO_NAC.NCO.S14_S15.ASS.F.LT";"A.MIO_NAC.NCO.S14_S15.ASS.F.LU";"A.MIO_NAC.NCO.S14_S15.ASS.F.LV";"A.MIO_NAC.NCO.S14_S15.ASS.F.ME";"A.MIO_NAC.NCO.S14_S15.ASS.F.MK";"A.MIO_NAC.NCO.S14_S15.ASS.F.MT";"A.MIO_NAC.NCO.S14_S15.ASS.F.MX";"A.MIO_NAC.NCO.S14_S15.ASS.F.NL";"A.MIO_NAC.NCO.S14_S15.ASS.F.NO";"A.MIO_NAC.NCO.S14_S15.ASS.F.PL";"A.MIO_NAC.NCO.S14_S15.ASS.F.PT";"A.MIO_NAC.NCO.S14_S15.ASS.F.RO";"A.MIO_NAC.NCO.S14_S15.ASS.F.RS";"A.MIO_NAC.NCO.S14_S15.ASS.F.RU";"A.MIO_NAC.NCO.S14_S15.ASS.F.SE";"A.MIO_NAC.NCO.S14_S15.ASS.F.SI";"A.MIO_NAC.NCO.S14_S15.ASS.F.SK";"A.MIO_NAC.NCO.S14_S15.ASS.F.TR";"A.MIO_NAC.NCO.S14_S15.ASS.F.UK";"A.MIO_NAC.NCO.S14_S15.ASS.F.US";"A.MIO_NAC.NCO.S2.ASS.F.AT";"A.MIO_NAC.NCO.S2.ASS.F.BE";"A.MIO_NAC.NCO.S2.ASS.F.BG";"A.MIO_NAC.NCO.S2.ASS.F.BR";"A.MIO_NAC.NCO.S2.ASS.F.CA";"A.MIO_NAC.NCO.S2.ASS.F.CH";"A.MIO_NAC.NCO.S2.ASS.F.CL";"A.MIO_NAC.NCO.S2.ASS.F.CO";"A.MIO_NAC.NCO.S2.ASS.F.CY";"A.MIO_NAC.NCO.S2.ASS.F.CZ";"A.MIO_NAC.NCO.S2.ASS.F.DE";"A.MIO_NAC.NCO.S2.ASS.F.DK";"A.MIO_NAC.NCO.S2.ASS.F.EA19";"A.MIO_NAC.NCO.S2.ASS.F.EE";"A.MIO_NAC.NCO.S2.ASS.F.EL";"A.MIO_NAC.NCO.S2.ASS.F.ES";"A.MIO_NAC.NCO.S2.ASS.F.EU28";"A.MIO_NAC.NCO.S2.ASS.F.FI";"A.MIO_NAC.NCO.S2.ASS.F.FR";"A.MIO_NAC.NCO.S2.ASS.F.HR";"A.MIO_NAC.NCO.S2.ASS.F.HU";"A.MIO_NAC.NCO.S2.ASS.F.IE";"A.MIO_NAC.NCO.S2.ASS.F.IL";"A.MIO_NAC.NCO.S2.ASS.F.IS";"A.MIO_NAC.NCO.S2.ASS.F.IT";"A.MIO_NAC.NCO.S2.ASS.F.JP";"A.MIO_NAC.NCO.S2.ASS.F.KR";"A.MIO_NAC.NCO.S2.ASS.F.LT";"A.MIO_NAC.NCO.S2.ASS.F.LU";"A.MIO_NAC.NCO.S2.ASS.F.LV";"A.MIO_NAC.NCO.S2.ASS.F.ME";"A.MIO_NAC.NCO.S2.ASS.F.MK";"A.MIO_NAC.NCO.S2.ASS.F.MT";"A.MIO_NAC.NCO.S2.ASS.F.MX";"A.MIO_NAC.NCO.S2.ASS.F.NL";"A.MIO_NAC.NCO.S2.ASS.F.NO";"A.MIO_NAC.NCO.S2.ASS.F.PL";"A.MIO_NAC.NCO.S2.ASS.F.PT";"A.MIO_NAC.NCO.S2.ASS.F.RO";"A.MIO_NAC.NCO.S2.ASS.F.RS";"A.MIO_NAC.NCO.S2.ASS.F.RU";"A.MIO_NAC.NCO.S2.ASS.F.SE";"A.MIO_NAC.NCO.S2.ASS.F.SI";"A.MIO_NAC.NCO.S2.ASS.F.SK";"A.MIO_NAC.NCO.S2.ASS.F.TR";"A.MIO_NAC.NCO.S2.ASS.F.UK";"A.MIO_NAC.NCO.S2.ASS.F.US"
"1995-12-31";56673;154757,7;611;NA;NA;NA;NA;NA;7005,8;697952;1254268;992622;NA;1021,6;17328,4;183737;NA;43183;805998;NA;1915428;NA;NA;NA;351142;NA;NA;1659,7;NA;928;NA;NA;1326,8;NA;553807;438517;47277;50572,5;5308,6;NA;NA;1467024;5116;21334,5;NA;468560;NA;332663,4;654739;941;NA;NA;NA;NA;NA;15765,1;1809378;4612521;2729234;NA;1252,6;124478;683874;NA;118963;2381999;NA;7761041;NA;NA;NA;1356680;NA;NA;2640,4;NA;1525;NA;NA;6691,2;NA;1567422;1439081;175272,4;162885,4;7905,1;NA;NA;3716769;7410;39480,2;NA;3707830;NA;56709,3;49335,5;5322;NA;267740;NA;NA;NA;733,9;1115870;529925;449773;NA;1452,1;20021,2;93404;NA;69677;422102;NA;3650213;NA;NA;NA;250554;349098600;NA;4649,4;NA;958;NA;NA;816,2;NA;136111;752526;224662,3;25327,9;24161,1;NA;NA;966444;6812;13233,2;NA;233427;1248583;252555,3;542404,7;431;NA;NA;NA;NA;NA;12874,5;1341742;2554769;1647050;NA;1602,1;104145,1;629790;NA;72107;1764165;NA;3767340;NA;NA;NA;1739366;NA;NA;2653,1;NA;2547;NA;NA;4968,6;NA;804286;848800;118129;132808,8;10254,6;NA;NA;2042709;7262;17687,6;NA;2108091;NA;148431,6;414133,5;1101;NA;NA;NA;NA;NA;25705,2;695030;1370058;1020939;NA;968;48346,5;316188;NA;83433;930715;NA;6369815;NA;NA;NA;553464;NA;NA;2095,4;NA;1693;NA;NA;2861,6;NA;1716042;522865;163432;75061;6232,5;NA;NA;2222066;4372;34128,8;NA;1590897;NA;94213,1;273021,1;931;NA;773919;NA;NA;NA;14304,6;1646944;1700462;1097616;NA;1595,2;34254,4;425000;NA;94551;1852576;NA;4556589;NA;NA;NA;753660;793340000;NA;3095;NA;2081;NA;NA;2762,1;NA;628644;1330535;183193;96094,7;16402,3;NA;NA;2659280;12869;21367,2;NA;558294;5567852;469636,9;750852,6;1212;NA;2558572;NA;NA;NA;17333,4;2537108;5557644;3525967;NA;1535,3;150898,8;974665;NA;155663;3785188;NA;9490657;NA;NA;NA;1679906;2763242600;NA;2925,5;NA;1775;NA;NA;7322,9;NA;2005590;1673564;218421;215295,4;7572,3;NA;NA;4862387;9176;37216,7;NA;3892281;23440645;60351,1;67276,7;5322;NA;371478;NA;NA;NA;2700,3;1127078;549672;572510;NA;1459,9;27675,9;107272;NA;94922;550134;NA;3850607;NA;NA;NA;341345;389255200;NA;4661;NA;963;NA;NA;1129,1;NA;154143;803759;226657;26570,5;25819,1;NA;NA;1225343;7573;13254,7;NA;233427;1553181;252555,3;542404,7;431;NA;1776429;NA;NA;NA;12929,5;1343093;2554769;1651292;NA;1621,8;104145,1;629790;NA;72115;1765824;NA;3813090;NA;NA;NA;1809062;1335532200;NA;2653,1;NA;2547;NA;NA;4968,6;NA;814953;848802;118129;133287,8;10337,6;NA;NA;2042709;7262;17687,6;NA;2108091;22773047;148431,6;414133,5;1101;NA;948369;NA;NA;NA;25705,2;695030;1370058;1020939;NA;968;48346,5;316188;NA;83433;930715;NA;6369815;NA;NA;NA;553464;208178800;NA;2095,4;NA;1693;NA;NA;2861,6;NA;1716042;522865;163432;75061;6232,5;NA;NA;2222066;4372;34128,8;NA;1590897;3265557
"1996-12-31";59175,3;174199,6;1259;NA;NA;NA;NA;NA;7276,8;750675;1392773;1182917;NA;1404,8;18979,4;204413;NA;45774;911275;NA;2257615;NA;NA;NA;362973;NA;NA;1789,7;NA;1216;NA;NA;1432,7;NA;589931;514304;66072,8;57314,3;7763;NA;NA;1668080;5343;22106;NA;482443;NA;358524,9;705151,3;3401;NA;NA;NA;NA;NA;18609,3;1968410;5087252;3088123;NA;1864,8;136489,5;792862;NA;124335;2600605;NA;8277337;NA;NA;NA;1487181;NA;NA;2813,4;NA;2143;NA;NA;7742;NA;1762438;1579396;231143,9;183165,7;9389,6;NA;NA;3963977;8970;42146,5;NA;4115538;NA;54223,3;44857,1;6034;NA;291985;NA;NA;NA;866;1059161;540868;447739;NA;1486,5;23329,8;106562;NA;72260;447167;NA;3542025;NA;NA;NA;271532;361022700;NA;5970,7;NA;1049;NA;NA;807,6;NA;141053;827339;241545,6;27697,3;24844,2;NA;NA;1036391;7350;11959,6;NA;230666;1407367;267816,5;587353,2;831;NA;NA;NA;NA;NA;13405,4;1464275;2736287;1790508;NA;2296,3;117529;691719;NA;78782;2072987;NA;4792555;NA;NA;NA;1910669;NA;NA;3505,2;NA;3391;NA;NA;5626;NA;860592;928948;148164;141106,6;9664,6;NA;NA;2397182;8215;20107,2;NA;2260111;NA;160061,8;444403,2;5073;NA;NA;NA;NA;NA;27359,7;873811;1524732;1186695;NA;1581,8;56740,2;366467;NA;95973;1029936;NA;7442687;NA;NA;NA;621372;NA;NA;3364,5;NA;2169;NA;NA;3698,6;NA;1898390;647168;197920;88199,9;7247,9;NA;NA;2447022;5383;36809;NA;1688594;NA;101268;292593,4;2728;NA;807882;NA;NA;NA;17397;1878301;1849716;1334817;NA;2241,3;36302,4;480273;NA;99889;1974641;NA;5443333;NA;NA;NA;781390;757930800;NA;3722,3;NA;2133;NA;NA;2855,8;NA;668814;1519487;242997;105246,2;18153,1;NA;NA;2959957;13441;22148;NA;577165;6159689;505351,7;835491,8;4097;NA;2881505;NA;NA;NA;20725;2733495;6141582;3992551;NA;2334,6;162046;1097357;NA;156785;4118536;NA;10254474;NA;NA;NA;1855111;2819494500;NA;3128,7;NA;2424;NA;NA;8478,9;NA;2233856;1871539;291238;246302,5;9344,1;NA;NA;5131799;10999;40362,9;NA;4298697;26019966;58885,3;65763,4;6034;NA;395400;NA;NA;NA;3097,7;1073831;561128;590091;NA;1498;32495,2;124844;NA;101164;568702;NA;3724717;NA;NA;NA;368636;398928900;NA;5998,1;NA;1076;NA;NA;1147,1;NA;159736;882678;244268;29545,9;26502,2;NA;NA;1344049;8255;11974,8;NA;230666;1673848;267816,5;587353,2;831;NA;2004248;NA;NA;NA;13465,3;1465359;2736287;1793745;NA;2323,7;117529;691719;NA;78798;2074664;NA;4848555;NA;NA;NA;1983982;1372428100;NA;3505,2;NA;3391;NA;NA;5626;NA;871602;928949;148164;141616,3;10302,5;NA;NA;2397182;8215;20107,2;NA;2260111;24375588;160061,8;444403,2;5073;NA;1081432;NA;NA;NA;27359,7;873811;1524732;1186695;NA;1581,8;56740,2;366467;NA;95973;1029936;NA;7442687;NA;NA;NA;621372;216191500;NA;3364,5;NA;2169;NA;NA;3698,6;NA;1898390;647168;197920;88199,9;7247,9;NA;NA;2447022;5383;36809;NA;1688594;3776931
"1997-12-31";65936,1;197990,8;3604;NA;NA;NA;NA;NA;7798,9;839032;1560994;1460954;NA;2172,2;21962,9;243464;NA;54009;1070030;NA;2930313;NA;NA;NA;417231;NA;NA;2231,7;NA;1637;NA;NA;1633,8;NA;617918;594877;96574,1;67034,2;8855,7;NA;NA;1776372;6285;23977,6;NA;563752;NA;384822,7;776075,9;12852;NA;NA;NA;NA;NA;20196,1;2252603;5744286;3449888;NA;3197,5;147199,1;894207;NA;131060;2861429;NA;9475316;NA;NA;NA;1680848;NA;NA;3616,6;NA;2799;NA;NA;8968,6;NA;2023558;1747524;312990,2;221629,7;12654,9;NA;NA;4527945;10504;44890,3;NA;4639023;NA;55893,4;45190,2;17964;NA;307824;NA;NA;NA;1065,2;1091236;584484;442251;NA;1557,7;26606,6;111124;NA;77425;491628;NA;3617663;NA;NA;NA;297450;396848300;NA;6813,4;NA;1294;NA;NA;942,8;NA;140345;943139;247946,4;31518,6;25637,6;NA;NA;1100589;7916;12204,1;NA;235343;1549257;278648,2;634036,9;4840;NA;NA;NA;NA;NA;14062,7;1679341;2952711;2043671;NA;2704,1;145791,3;784842;NA;89109;2228070;NA;6053934;NA;NA;NA;2193325;NA;NA;5337,7;NA;4190;NA;NA;6299,8;NA;930028;1050156;207598,9;155079,5;11393;NA;NA;2848227;9219;21879,7;NA;2512102;NA;178653,8;502933,8;17305;NA;NA;NA;NA;NA;29234,6;1146180;1838865;1447518;NA;3499,5;64352,8;443158;NA;115041;1286387;NA;10079873;NA;NA;NA;731831;NA;NA;4635,6;NA;3133;NA;NA;4610,3;NA;2168801;791126;234317,6;120480,1;9318,6;NA;NA;3092473;6297;38937,9;NA;2073587;NA;114073,5;349222;11332;NA;888451;NA;NA;NA;19549,9;2021186;2016196;1674104;NA;3180,9;47189,4;548720;NA;122482;2283011;NA;7027292;NA;NA;NA;859381;724374100;NA;4514,1;NA;2771;NA;NA;3120,6;NA;704056;1893584;321161,2;117937,7;22610,7;NA;NA;3425534;15122;24031,6;NA;630163;6636672;542551,6;914200,2;14881;NA;3251064;NA;NA;NA;22591,1;3192786;6896509;4497218;NA;4218,3;170336;1234681;NA;166990;4499239;NA;11806093;NA;NA;NA;2117887;3024794900;NA;3943;NA;3224;NA;NA;9836,9;NA;2547414;2080256;384358,3;294510,7;13197,7;NA;NA;5934818;13563;41960,9;NA;5051220;29302751;59524,9;67904,3;17964;NA;413050;NA;NA;NA;3593,5;1109527;605677;595265;NA;1581,5;36486,4;133262;NA;105885;611567;NA;3919149;NA;NA;NA;393094;435599100;NA;6876,9;NA;1380;NA;NA;1307,5;NA;158745;1001367;250761,8;35415;28052,5;NA;NA;1405559;9066;12283,8;NA;235343;1802464;278648,2;634036,9;4840;NA;2189957;NA;NA;NA;14129,2;1680548;2952711;2046252;NA;2735,2;145791,3;784842;NA;89118;2230366;NA;6114184;NA;NA;NA;2271602;1409482400;NA;5337,7;NA;4191;NA;NA;6299,8;NA;941398;1050157;207598,9;155615,9;11393;NA;NA;2848227;9219;21879,7;NA;2512102;27421795;178653,8;502933,8;17305;NA;1204174;NA;NA;NA;29234,6;1146180;1838865;1447518;NA;3499,5;64352,8;443158;NA;115041;1286387;NA;10079873;NA;NA;NA;731831;231895700;NA;4635,6;NA;3133;NA;NA;4610,3;NA;2168801;791126;234317,6;120480,1;9318,6;NA;NA;3092473;6297;38937,9;NA;2073587;4449848
"1998-12-31";68728,7;262707,8;3945;NA;NA;NA;NA;NA;8843,7;938970;1782820;1657871;NA;2346,4;24348;278270;NA;54626;1214534;NA;3373453;NA;NA;NA;475855;NA;NA;2209;NA;1691;NA;NA;1769,1;NA;632633;665935;110324,5;80585,4;9793,5;NA;NA;1964057;6661;25041;NA;627976;NA;407699,9;855390,5;13895;NA;NA;NA;NA;NA;24450,5;2278807;6531564;3838675;NA;3486,4;162031;1028589;NA;141818;3122461;NA;10952224;NA;NA;NA;1891255;NA;NA;4455,8;NA;2963;NA;NA;11686,8;NA;2283225;1823753;402568;252728,6;17449,3;NA;NA;4982873;12429;46503;NA;5167467;NA;61007,3;42786,4;17951;NA;328744;NA;NA;NA;2242,3;1010116;576789;414247;NA;2541,6;31155,2;123773;NA;87988;520096;NA;3402300;16270;NA;NA;263800;409141700;NA;6665,7;NA;1340;NA;NA;1120,6;NA;147307;1004908;225866,6;30958,8;28438,5;NA;NA;1172716;8761;11830;NA;234236;1696301;291742,7;662327,6;6506;NA;NA;NA;NA;NA;14700,4;1824399;3160085;2182669;NA;2373,2;179311,3;916064;NA;105527;2375649;NA;7472651;NA;NA;NA;2506079;NA;NA;5367;NA;4329;NA;NA;6952,6;NA;998003;1099953;302520,3;179298,1;13983,5;NA;NA;3185701;10564;23842,6;NA;2942430;NA;206047;537430,3;16982;NA;NA;NA;NA;NA;30436,9;1214086;2278483;1527241;NA;3888,8;93878,9;545826;NA;158233;1458862;NA;12005112;NA;NA;NA;873805;NA;NA;5767,6;NA;3486;NA;NA;6886,2;NA;2420656;883245;286607,3;149546,6;12700,7;NA;NA;3685253;7024;41953,4;NA;2365413;NA;117608,4;442150,5;14650;NA;1052191;NA;NA;NA;22313,7;2281239;2262296;1850361;NA;4219,7;72046,6;688560;NA;134468;2649514;NA;8166119;NA;NA;NA;960226;713042800;NA;5057,6;NA;3390;NA;NA;3362,2;NA;719330;2036784;387462,7;142943,4;31831,5;NA;NA;3799737;16382;25110,3;NA;737659;7865628;598224,1;1066774,3;15584;NA;3550503;NA;NA;NA;27020,1;3299028;7799289;5044850;NA;4675,5;190905,8;1387998;NA;180678;4852281;NA;13691464;NA;NA;NA;2420992;3057941400;NA;5098,6;NA;3401;NA;NA;12706,3;NA;2906873;2201257;519330,8;336354,7;18574,5;NA;NA;6509048;15811;43457,8;NA;5388624;32986134;68092,4;65885,3;17977;NA;433593;NA;NA;NA;5033,8;1029861;598223;581968;NA;2567,5;40532,2;150759;NA;118663;627524;NA;3790583;16495;NA;NA;356846;449759800;NA;6765,9;NA;1434;NA;NA;1492;NA;170870;1064206;228591,6;36993,7;31248,5;NA;NA;1487155;10247;12345,6;NA;234236;1990369;291742,7;662327,6;6506;NA;2279413;NA;NA;NA;14782,9;1825653;3160085;2185148;NA;2407,5;179311,3;916064;NA;105550;2377902;NA;7537151;NA;NA;NA;2587494;1446651900;NA;5367;NA;4329;NA;NA;6952,6;NA;1009775;1099953;302791;179870,6;13983,5;NA;NA;3185701;10564;23842,6;NA;2942430;30575490;206047;537430,3;16982;NA;1302847;NA;NA;NA;30436,9;1214086;2278483;1527241;NA;3888,8;93878,9;545826;NA;158233;1458862;NA;12005112;NA;NA;NA;873805;215991200;NA;5767,6;NA;3486;NA;NA;6886,2;NA;2420656;883245;286607,3;149546,6;12700,7;NA;NA;3685253;7024;41953,4;NA;2365413;5046148
"1999-12-31";86487,6;296489,9;4648;NA;NA;NA;NA;NA;13396,2;1116424;2129451;1798163;NA;2362,5;39745;350531;NA;68847;1507091;NA;4144785;NA;NA;NA;545450;NA;NA;2305,9;85539,8;1706;NA;NA;2031;NA;736429;792246;148211,9;88430,4;11919,9;NA;NA;2456926;7492;25062,1;NA;920308;NA;464192,3;941508,2;16138;NA;NA;NA;NA;NA;28496,9;2506376;7423741;4309017;NA;3975,3;208902,3;1179007;NA;163429;3672396;NA;14382301;NA;NA;NA;2123199;NA;NA;4450,8;1479042,5;3496;NA;NA;14398,1;NA;2647040;2117447;490407,3;285131,5;23996,6;NA;NA;5952796;14373;48345,1;NA;5714132;NA;70977,8;48064,5;19278;NA;388918;188332;NA;NA;2839,5;1069748;638485;452639;NA;2695,7;40967,9;135468;NA;128596;601115;NA;3813118;22379;NA;NA;271883;428137200;NA;6927,3;13332,1;1407;NA;NA;1450,3;NA;164686;1152991;222318;31297,9;39196,6;NA;NA;1287764;9459;14915;NA;231056;1900719;309341;728147,5;7959;NA;NA;NA;NA;NA;23410;1905377;3435547;2421050;NA;2971,7;269899,7;1008150;NA;134016;2670003;NA;8919531;NA;NA;NA;2743635;NA;NA;5219,3;22904,4;4300;NA;NA;7422,7;NA;1097036;1238880;341293,4;205128,3;22264,7;NA;NA;3946369;11913;24881,4;NA;3150382;NA;271804,5;613357,4;20349;NA;NA;NA;NA;NA;34074,3;1472310;2789071;1862682;NA;5270,9;123445,6;681438;NA;330291;2076383;NA;17304947;NA;NA;NA;1169574;NA;NA;7178,4;1481409,1;4303;NA;NA;9534,4;NA;2853112;1134604;404158,9;173954,4;20472,7;NA;NA;4271718;8824;41724,4;NA;2632839;NA;141763,9;518023,5;18685;NA;1180954;585511;NA;NA;30410,6;2490371;2609742;2094470;NA;5313,1;136760,1;852220;NA;160379;3529842;NA;9701032;NA;NA;NA;1145706;796048700;NA;5323,2;90642,1;3564;NA;NA;3331,1;NA;835600;2578730;467067;154889,6;48472,1;NA;NA;5292161;18605;25151,1;NA;920308;9319391;680496,2;1174407,6;17941;NA;3847088;2768923;NA;NA;35994;3521306;8754678;5589960;NA;5490,1;249957,3;1558593;NA;213174;5646399;NA;17250555;NA;NA;NA;2771946;3098637200;NA;5067,8;1809696,2;3979;NA;NA;15604,9;NA;3288920;2572031;599781,2;396944,2;24967,4;NA;NA;7532231;18151;46549,6;NA;5714132;37110956;80286,2;71019,2;19308;NA;484934;197017;NA;NA;5949,2;1091243;659207;620817;NA;2722;51187,5;164136;NA;154957;716814;NA;4160692;22576;NA;NA;367124;469637700;NA;7035,8;13826,6;1540;NA;NA;1829,7;NA;192154;1209238;242140,6;38642,4;42162,5;NA;NA;1602054;11189;15389,5;NA;231056;2217247;309341;728147,5;7959;NA;2459420;1548321;NA;NA;23500,9;1907174;3435547;2422703;NA;3019,1;269899,7;1008150;NA;134040;2672367;NA;8991531;NA;NA;NA;2830373;1513150100;NA;5219,3;23010,8;4300;NA;NA;7422,7;NA;1109237;1238880;344266;205728,8;22264,7;NA;NA;3946369;11913;24881,4;NA;3150382;34733820;271804,5;613357,4;20349;NA;1321232;1398708;NA;NA;34074,3;1472310;2789071;1862682;NA;5270,9;123445,6;681438;NA;330291;2076383;NA;17304947;NA;NA;NA;1169574;234825500;NA;7178,4;1481409,1;4303;NA;NA;9534,4;NA;2853112;1134604;404158,9;173954,4;20472,7;NA;NA;4271718;8824;41724,4;NA;2632839;5638610
"2000-12-31";98753,1;361726,2;5215,7;NA;NA;NA;NA;NA;10353,8;1195222;2326510;1721361;NA;2241,9;41607,7;425805;NA;91482;1763346;NA;5208798;NA;NA;NA;692115;NA;NA;2073,4;88354,4;1915;NA;NA;2184,7;NA;790481;917555;142325,3;103936,4;14574;NA;NA;2742646;8445;28655,5;NA;1052491;NA;518542,4;953096,9;19547,2;NA;NA;NA;NA;NA;31540,4;2685205;7883467;4939381;NA;5138,6;219579,7;1326161;NA;185292;3887561;NA;19729760;NA;NA;NA;2214705;NA;NA;5236,8;1723602,3;4885;NA;NA;15812,1;NA;2861582;2375253;548859,5;324121,3;33872,3;NA;NA;6416828;17027;52450,9;NA;5896846;NA;76034;49599,7;21302;NA;427956;210934;NA;NA;3009,6;1085954;644342;463632;NA;2279;39835,2;150226;NA;110363;588970;NA;3827991;25630;NA;NA;296448;443821400;NA;6929,2;15335,5;1552;NA;NA;1422,3;NA;151067;1572019;222350,4;30480,3;62351,6;NA;NA;1312068;10103;14310,8;NA;266111;1908506;328529,3;729195,5;10895,8;NA;NA;NA;NA;NA;21538,6;1952914;3512716;2530006;NA;3650,7;220282,3;1036550;NA;145741;2755199;NA;10525789;NA;NA;NA;2966973;NA;NA;5598,6;27587,8;4695;NA;NA;7856,3;NA;1169305;1356818;377922,5;226406,2;32377,4;NA;NA;3958541;13607;26643,6;NA;3291691;NA;332207,9;682278,3;23516,8;NA;NA;NA;NA;NA;37438,9;1638369;3333321;2199328;NA;5926,8;144260,1;837400;NA;359787;2285533;NA;23135821;NA;NA;NA;1300279;NA;NA;7775,5;1716705,2;5386;NA;NA;10982,5;NA;3084725;1512452;468132,4;217446,4;33480,7;NA;NA;4975192;10699;44301,6;NA;3136687;NA;153263,7;639034,7;23439,7;NA;1297821;615869;NA;NA;24785,5;2737447;2826435;1902267;NA;5684,3;100306,1;1027291;NA;194116;3925658;NA;11658338;NA;NA;NA;1301699;742519500;NA;5410,4;93646,6;3868;NA;NA;3336,8;NA;889884;2909730;522149,5;179555,7;68912,2;NA;NA;5395017;21017;28769,6;NA;1158005;11233460;747285,8;1168619,9;21272,8;NA;4261395;3045560;NA;NA;37285,3;3671442;9290009;6351236;NA;7198,9;259806,3;1694530;NA;225544;6006729;NA;23079955;NA;NA;NA;2928191;3170810900;NA;5850,9;2107491,4;5386;NA;NA;17124,4;NA;3526644;2831707;683583,6;433673,3;35068,8;NA;NA;8228176;21377;49846,7;NA;6571956;39434560;87427,5;73844,4;21352;NA;526861;217792;NA;NA;6427,6;1111733;663770;635131;NA;2292;51465,2;179163;NA;129241;697908;NA;4195960;27826;NA;NA;379566;489442500;NA;7065,7;15933,9;1752;NA;NA;1899,4;NA;183328;1633024;236110,4;39027,2;65464,8;NA;NA;1694448;11816;15027,3;NA;266111;2231085;328529,3;729195,5;10950,8;NA;2579962;1590679;NA;NA;21632,4;1954873;3512716;2531738;NA;3723,2;220282,3;1036550;NA;145861;2758792;NA;10605789;NA;NA;NA;3058599;1530072700;NA;5598,6;27694,6;4695;NA;NA;7856,3;NA;1181907;1356818;378066,7;227048,7;32377,4;NA;NA;3958541;13607;26643,6;NA;3291691;33998466;332207,9;682278,3;23516,8;NA;1396130;1719585;NA;NA;37438,9;1638369;3333321;2199328;NA;5926,8;144260,1;837400;NA;359787;2285533;NA;23135821;NA;NA;NA;1300279;226402500;NA;7775,5;1716705,2;5386;NA;NA;10982,5;NA;3084725;1512452;468132,4;217446,4;33480,7;NA;NA;4975192;10699;44301,6;NA;3136687;6240159
"2001-12-31";102852,1;362931,5;6774,5;NA;NA;NA;NA;NA;10244,1;1188937;2401672;1683933;7084680,7;2787,8;47495,1;467293;9440898,1;93670;1718576;59982,1;6273752;152503;249336,3;NA;673754;NA;NA;2294,5;92119,8;1935;NA;NA;2531,4;NA;805718;929853;163169;115178,1;19537,9;NA;NA;2935771;8531;29746,3;NA;1025935;NA;543815;1011967,4;21800,6;NA;NA;NA;NA;NA;34980;2694103;8372089;4809838;NA;5984,3;227137,9;1430573;NA;200167;3998680;206055,9;25568188;1028528;1136061,7;NA;2316226;NA;NA;6291,6;1914989,5;5741;NA;NA;16011,4;NA;3059140;2468651;629713,4;359438,8;50986,2;NA;NA;6381538;21513;56167;NA;6160627;NA;83127,5;53682,3;21682;NA;469330;212911;NA;NA;3566,6;1232920;600305;498090;NA;2489,1;43298,4;149948;NA;113624;564657;125829,5;4256492;30074;163325;NA;293032;432703300;NA;6231,1;16824,8;2004;NA;NA;1373,1;NA;143631;1872613;189240,3;32713,9;73618,2;NA;NA;1521452;10614;16076,8;NA;260923;2040798;336912,2;738965,1;12743,7;NA;NA;NA;NA;NA;22892,1;2104042;3611863;2454246;NA;3895,3;205992,3;1091241;NA;143423;2695884;135108;12269419;181853;991779;NA;2946105;NA;NA;5838,6;29423,8;3926;NA;NA;8674,4;NA;1194130;1425862;408657,4;243466,9;41611,7;NA;NA;4035770;17535;27480,1;NA;3241499;NA;370217,8;766650,8;25304,7;NA;NA;NA;NA;NA;37277,1;1803527;3687891;2288706;16433067,2;6979,3;169394,9;935342;23127887;302410;2432355;144494,1;29311130;972928;472337;NA;1296806;NA;NA;8408;1891560;6678;NA;NA;10407,5;NA;3230660;1561553;456901,6;258461,8;54868,6;NA;NA;4983587;12447;45406,6;NA;3341985;NA;158285;665151,6;25248,5;NA;1353341;598331;NA;NA;23601,8;2649164;2914946;1877916;11483129,5;6991,1;90635,3;1164790;14594896,2;188274;3573292;210761,2;13430406;215626;NA;NA;1238130;696038200;NA;5794,1;101813,6;4456;NA;NA;3966,6;NA;895465;2807855;621607;184536,3;76748,9;NA;NA;5648294;22418;29892,8;NA;1136209;11516505;788650;1237551,1;23988,2;NA;4375715;3038097;NA;NA;40386,2;3554528;9819702;6575269;NA;8461,9;262332,9;1833137;NA;242260;6215668;209282,5;28660921;1069645;NA;NA;3027578;3099191700;NA;7017,8;2354419,4;6533;NA;NA;17377,5;NA;3754018;2976909;769224,8;471422,3;52268,3;NA;NA;8247986;27381;54677,4;NA;6919768;41818874;97659,2;82635,5;22035;NA;568493;215717;NA;NA;7354,1;1377257;619731;690555;NA;2504,1;55675,9;179542;NA;127960;687169;274719,8;4547110;32087;NA;NA;379380;495961800;NA;6427,9;17483,1;2241;NA;NA;1780;NA;180705;1945907;209077,3;45072,2;79369,1;NA;NA;1644876;12401;17060,4;NA;260923;2382171;336912,2;738965,1;12790,7;NA;2539444;1553936;NA;NA;22988,3;2105854;3611863;2456018;NA;3981,2;205992,3;1091241;NA;143512;2699749;135108;12362419;181853;NA;NA;3042666;1529377200;NA;5838,6;29537,8;3928;NA;NA;8674,4;NA;1207075;1425862;413093,4;244147,1;41653,6;NA;NA;4039884;17535;27480,1;NA;3241499;33571351;370217,8;766650,8;25304,7;NA;1443128;1606621;NA;NA;37277,1;1803527;3687891;2288706;16433067,2;6979,3;169394,9;935342;23127887;302410;2432355;144494,1;29311130;972928;NA;NA;1296806;205956300;NA;8408;1891560;6678;NA;NA;10407,5;NA;3230660;1561553;456901,6;258461,8;54868,6;NA;NA;4983587;12447;45406,6;NA;3341985;6703053
"2002-12-31";113404,7;350015,1;8195,9;NA;NA;NA;NA;NA;9094,1;1198148;1892621;1695101;6198390,1;3189,6;47070,7;471208;8515515,6;106410;1422331;74848,1;7333622;148492;269354,1;NA;623812;NA;NA;2666,7;85514,6;1990;NA;NA;2773,2;NA;774394;924560;181826,3;107964,9;27221,8;NA;NA;3029098;9851;33928,3;NA;1055010;NA;554935,6;1013228,1;24533,7;NA;NA;NA;NA;NA;39067,7;3074850;8462270;4692259;NA;7054,9;228163,8;1518739;NA;206445;3979044;244655,2;25818500;1136128;1228263,8;NA;2318443;NA;NA;7278,5;2026537,5;7037;NA;NA;18084,5;NA;3228981;2542263;680589,8;379802,3;74256,3;NA;NA;6116712;25388;55391,1;NA;6973341;NA;85294,4;50698,2;20283;NA;473843;217497;NA;NA;3696,6;1117775;579290;523154;NA;2811,8;42454,3;159895;NA;116049;563376;109374,5;4231925;29175;163690;NA;293120;422086600;NA;5688,6;17604,5;2249;NA;NA;1229,6;NA;134955;1897648;237708,3;33106,2;87398,9;NA;NA;1407973;11659;18430,7;NA;266775;2083773;345368,2;698942,2;15189,9;NA;NA;NA;NA;NA;27703,9;2245180;3567061;2470681;NA;4966,5;189973,1;1112267;NA;141510;2706843;149145,5;14100853;186719;1037007,2;NA;3049872;NA;NA;7272,3;30580,9;4554;NA;NA;9726,3;NA;1233073;1503379;453053,2;251032,2;56759,9;NA;NA;4121298;20899;24056,9;NA;3255543;NA;378322,3;820366,5;26068,8;NA;NA;NA;NA;NA;35081,2;2044475;3878164;2232613;16994719,6;8350,5;198298,1;1030224;23265436,8;262767;2409294;172445,8;30646797;1078974;480900;NA;1281187;NA;NA;9105,5;1966669,4;7806;NA;NA;11319,1;NA;3289109;1637418;511090,2;278225,8;76985,6;NA;NA;4793518;15319;45923,1;NA;3295818;NA;174523,5;642446,8;30964,9;NA;1323117;568976;NA;NA;19595,6;2781417;2451152;1893338;10703286,9;8314,6;75780,5;1181960;13779103,1;191555;3321704;260208,8;15362689;219346;NA;NA;1180855;677803900;NA;6964,6;117945,8;4796;NA;NA;5434,5;NA;854352;2828139;640270,5;193569,7;137125;NA;NA;5494031;25907;34116,4;NA;1183053;11649809;799551,5;1216471,2;27279,7;NA;4490431;2959912;NA;NA;44881,7;4128945;9942289;6566445;NA;10252,7;264957,5;1939888;NA;251941;6204737;248929,6;29480618;1184116;NA;NA;3132279;3079120200;NA;8088,9;2451324,2;8126;NA;NA;19821,1;NA;3939067;3152710;809432,1;488859,7;75007,6;NA;NA;7951641;33327;55131,3;NA;7165765;43339745;102428,4;85838,3;20643;NA;568743;219116;NA;NA;7799,8;1275534;598041;724210;NA;2838;58456,5;194791;NA;127597;698534;261034,2;4614580;31891;NA;NA;383305;493796600;NA;5858,1;18254,7;2513;NA;NA;1700,1;NA;177406;1968674;258571,7;46620,7;94831,7;NA;NA;1544194;13672;19143,4;NA;266775;2452143;345368,2;698942,2;15212,9;NA;2532561;1496801;NA;NA;27805,1;2247216;3567061;2472083;NA;5085,7;189973,1;1112267;NA;141562;2711201;149145,5;14201353;186719;NA;NA;3151222;1530621500;NA;7272,3;30704,2;4555;NA;NA;9726,3;NA;1245048;1503379;456981,5;251742,6;56819,4;NA;NA;4125552;20899;24056,9;NA;3255543;32153257;378322,3;820366,5;26068,8;NA;1433273;1531607;NA;NA;35081,2;2044475;3878164;2232613;16994719,6;8350,5;198298,1;1030224;23265436,8;262767;2409294;172445,8;30646797;1078974;NA;NA;1281187;203010200;NA;9105,5;1966669,4;7806;NA;NA;11319,1;NA;3289109;1637418;511090,2;278225,8;76985,6;NA;NA;4793518;15319;45923,1;NA;3295818;7035127
"2003-12-31";126641,5;390592,6;9915,1;NA;NA;NA;NA;NA;12693,9;1113022;2001213;1589620;6856042,1;3372,2;52238,6;533545;9150321,8;116494;1622031;80694,3;8933314;146882;290478,3;NA;658014;NA;NA;3936,5;141451,3;2425;NA;NA;2843,1;NA;884518;991623;207122;120925,3;32772,1;NA;NA;3156509;11168;33957,5;NA;1125650;NA;578620,7;1095059,6;28579,7;NA;NA;NA;NA;NA;41084,8;3072085;8754251;5123415;NA;8195;240463,5;1733365;NA;235517;4266184;287628,9;28354160;1361000;1269318;NA;2563763;NA;NA;9502,7;2276255,2;9509;NA;NA;20919,1;NA;3429024;2890507;719365;414316,4;97570,8;NA;NA;6660631;28248;60154,2;NA;7320458;NA;87631,7;51462,5;19211;NA;506063;212034;NA;NA;3939,6;1064272;575941;541338;NA;3298,3;48923,6;158539;NA;130796;608976;109597,7;4641235;32313;180139;NA;309079;436662000;NA;6129,7;18626,7;2355;NA;NA;1255,9;NA;136708;2358056;253746;34357,8;98649,9;NA;NA;1530706;11278;19147,9;NA;279482;2222056;365963,6;734773,7;18259,8;NA;NA;NA;NA;NA;30192;2415453;3781278;2692848;NA;6152,7;206124,9;1267085;NA;157858;2891562;168203,1;16012302;213559;1272751,6;NA;3147951;NA;NA;8764;34586,6;5349;NA;NA;10797,2;NA;1306028;1661289;597978;265451,9;75542,1;NA;NA;4685397;23499;25915,1;NA;3441141;NA;396760,8;932581,7;29874,7;NA;NA;NA;NA;NA;36551,2;2115672;4058484;2415796;18517352,6;10984,2;222739,3;1197717;25075438,2;287143;2712981;214436;34819603;1244088;514887;NA;1379278;NA;NA;10391,9;2179188;9211;NA;NA;13300,9;NA;3457615;1914066;605632;314892,6;106314;NA;NA;5059293;17748;48107,5;NA;3721713;NA;191910,9;667177,9;41044,1;NA;1520147;601491;83064416;NA;23492,8;3622564;2564956;1773903;11726368,1;9110,9;84264,3;1369328;14814246,7;206689;3661357;307739,3;18698869;225687;NA;NA;1241392;750050800;NA;7702,7;221258,3;6147;NA;NA;6454,4;4292679,6;961367;2947062;488409;223486,8;155668,1;NA;NA;6156809;29003;34199;NA;1258494;11905377;848488,7;1335588,5;32270,7;NA;4949045;3064150;123939361,2;NA;47954;4034897;10229896;7255799;NA;12017,2;285140,7;2250320;NA;282512;6600786;293715,3;32859742;1431562;NA;NA;3455317;3085414600;NA;10758,1;2891469,9;10838;NA;NA;22805,9;6906007,2;4169525;3530068;836454;537706,3;99764,9;NA;NA;8708971;37067;59323,2;NA;8125806;48082833;105899,5;81344,5;19533;NA;601480;212844;6208148,1;NA;8397,3;1262113;594452;751565;NA;3338,6;67359,8;199137;NA;142050;737208;275456,6;5278337;35231;NA;NA;355239;513657300;NA;6502,7;19173,1;2633;NA;NA;1339,5;1575822,8;184482;2421426;269725;51468,2;106460,9;NA;NA;1672174;13372;19533,4;NA;279482;2611422;365963,6;734773,7;18259,8;NA;2723676;1574908;85417214,1;NA;30293,2;2417746;3781278;2694245;NA;6290,5;206124,9;1267085;NA;157917;2896112;168203,1;16116302;213559;NA;NA;3253565;1563450600;NA;8764;34730,1;5416;NA;NA;10797,2;4745887,6;1318444;1661289;597978;266179,5;76153,6;NA;NA;4689749;23499;25915,1;NA;3441141;36739741;396760,8;932581,7;29874,7;NA;1536207;1624167;41392968,8;NA;36551,2;2115672;4058484;2415796;18517352,6;10984,2;222739,3;1197717;25075438,2;287143;2712981;214436;34819603;1244088;NA;NA;1379278;250425200;NA;10391,9;2179188;9211;NA;NA;13300,9;6029637;3457615;1914066;605632;314892,6;106314;NA;NA;5059293;17748;48107,5;NA;3721713;8298227
"2004-12-31";134927,9;405481,7;13267,9;NA;NA;NA;NA;NA;13875,9;1181654;2026723;1560792;7218195,4;4261,3;56807;565646;9601774,4;120581;1746508;82930,5;10035671;145523;370441,1;NA;739153;NA;NA;4290,1;153798;3418;NA;NA;3045,9;NA;922663;1071962;241555;130815,3;53162,5;NA;NA;3249225;11678;37155,5;NA;1158914;NA;639010,1;1221002,1;38403,2;NA;NA;NA;NA;NA;177843,4;3190505;9191157;5426261;NA;11002,8;263590,7;1980932;NA;270543;4761496;328156,6;29521610;1632580;1343005,6;NA;2747042;NA;NA;11903,3;2572958,6;12261;NA;NA;43148;NA;3737413;3088451;771360;450729,3;148368;NA;NA;7551029;32384;64186,7;NA;9586822;NA;85025,7;57014,9;18849;NA;547440;211154;NA;NA;4500;1228889;567963;574677;NA;3903;56267,4;173457;NA;149445;638352;114654,3;4950671;37090;197589;NA;332233;446619800;NA;6440,3;19154;2341;NA;NA;1544,3;NA;137842;2773039;292969;34911,3;103636;NA;NA;1647233;12416;18734,1;NA;301743;2237947;388997,1;796926;21755,4;NA;NA;NA;NA;NA;26685,2;2465969;3945909;3007891;NA;7267,4;238861;1396397;NA;171162;3058650;183562,4;18226627;239880;1334945,4;NA;3381840;NA;NA;11645,2;38021,8;6313;NA;NA;11964,9;NA;1332788;1845733;669980;288099,1;111008,3;NA;NA;4993374;26596;24758,6;NA;3661888;NA;457736,8;1046612;36519,5;NA;NA;NA;NA;NA;181861,6;2461147;4304261;2595858;20906745,1;14744,9;259896,1;1411978;29515057,5;310532;3196008;259978,4;38181748;1550347;564171,6;NA;1492766;NA;NA;12179,6;2478526,4;12546;NA;NA;35129,4;NA;3735031;2227069;686581;344679;152230;NA;NA;5919292;20589;51436,6;NA;5011358;NA;202657,6;690033,3;54493,9;NA;1687588;640031;103520029,8;NA;24302,9;3710969;2554296;1949546;12451429,3;11315,4;90471,8;1547426;15734205,6;213492;3928271;321796,8;21263236;229007;NA;2587593;1375471;793340600;NA;10666,7;234801,8;7566;NA;NA;5960,5;5125026,1;1006594;3247132;537773;260401,4;212262,4;NA;NA;6473576;29364;37477;NA;1296869;13096746;938108,5;1508156,6;43501,8;NA;5609632;3204893;139502279,7;NA;189461,7;4136219;10704506;7927183;NA;15154,6;301493,5;2630422;NA;321193;7300991;334513,9;35163198;1733285;NA;4603518;3691800;3042044600;NA;13368;3316676,5;13848;NA;NA;46150,7;7331028,5;4498370;3770759;909235;570720,6;151645,3;NA;NA;9878004;41205;63625,2;NA;10565692;53127090;104662,8;90368,7;19115;NA;649322;213739;6115827,8;NA;9239,3;1409052;586073;793608;NA;4152,4;78895;223394;NA;158864;767658;274725,4;5672727;40085;NA;354285;381290;545111700;NA;6806,4;19775,7;2959;NA;NA;1622,3;1389814,2;184406;2859617;313745;56242,2;115335,3;NA;NA;1800168;14650;20216,2;NA;301743;2649900;388997,1;796926;21755,4;NA;2923451;1617595;94606611,7;NA;26804;2467931;3945909;3009243;NA;7267,4;238861;1396397;NA;171264;3063300;183562,4;18337627;239880;NA;NA;3492088;1582349700;NA;11645,2;38180,8;6327;NA;NA;11964,9;5939673,5;1345499;1845733;669980;288865,1;111716,3;NA;NA;4997979;26596;24758,6;NA;3661888;41731052;457736,7;1046612;36519,5;NA;1654784;1736965;47763751,1;NA;181861,6;2461147;4304261;2595858;20906745,1;14744,9;259896,1;1411978;29515057,5;310532;3196008;259978,4;38181748;1550347;NA;1883453;1492766;271731200;NA;12179,6;2478526,4;12546;NA;NA;35129,4;6687766,4;3735031;2227069;686581;344679;152230;NA;NA;5919292;20589;51436,6;NA;5011358;9730578
"2005-12-31";160259,2;433162,8;17172,5;NA;NA;NA;NA;NA;16344,9;1302795;2203486;2462020;8185537,5;5781,8;66088,5;679067;11005178,9;132542;2105989;87551,8;11710374;166219;480475,5;NA;836469;NA;NA;6426;165552,4;4650;NA;NA;3477,6;NA;1005508;1337993;281162;148160,8;71447,9;NA;NA;3713164;14198;39944,2;NA;1295210;NA;808118,6;1436989;47075;NA;NA;NA;NA;NA;189927,8;3647666;9945906;6466028;NA;15624,6;314283,8;2370782;NA;301982;5549716;379785,7;40579738;2213040;1442744,3;NA;3099966;NA;NA;16881;3326272;16791;NA;NA;71963,3;NA;4358553;3624084;883666;506220,5;216624,8;NA;NA;8977760;38431;77824,7;NA;11282276;NA;90998,2;58461,5;17772;NA;639630;213786;NA;NA;4694,9;1349736;596189;565483;NA;4448,2;65989,8;208964;NA;168432;724612;120337;5258027;43809;259693,4;NA;361451;471565700;NA;7017,9;19832,7;2710;NA;NA;1785,2;NA;154148;3390902;318333;38779,5;103605,1;NA;NA;1909234;12528;14995,7;NA;337845;2476930;427247,8;869040,8;26304,3;NA;NA;NA;NA;NA;34827,8;2649000;4171080;3801991;NA;8168,9;285228,4;1595522;NA;192117;3291450;204477,4;21032456;274733;1624156,1;NA;3782769;NA;NA;15482,7;40346,8;7908;NA;NA;13167,3;NA;1417520;2124877;766324;306747,4;161886,9;NA;NA;6035320;28911;28831,4;NA;4002078;NA;604513,8;1267724,1;49897,9;NA;NA;NA;NA;NA;191359,1;2909504;4826031;3083047;25158251;17980,7;300399,3;1705986;35725648,8;358980;3995852;303371,4;51445752;2061017;692946,1;NA;1739590;NA;NA;17377,7;3235222,4;16292;NA;NA;64580,1;NA;4292554;2741853;790175;385975,5;180468;NA;NA;6747142;26797;57740;NA;6038388;NA;244986,9;710280,6;64787,5;NA;1883028;745354;116633984,4;NA;28558,3;3903161;2739303;3075470;13874308,9;14103,6;107915,9;1856851;17745622,1;226862;4486660;339517,2;24881498;261256;NA;3829593;1477037;880671700;NA;14031,2;254952,7;9717;NA;NA;6648,2;5407184,1;1101228;3915652;600336;267410,4;246977,8;NA;NA;8121197;33807;40238,6;NA;1411213;14497423;1164688;1754375,3;55118,3;NA;6167967;3665528;154210728;NA;205203,3;4674720;11474115;9299339;NA;19888,3;349612,1;3266971;NA;361494;8328552;386924,1;47835374;2342464;NA;6901881;4164812;3161661800;NA;19468,3;4300933,3;19454;NA;NA;75226,3;8412445,5;5259238;4428569;1054815;638344,6;220534,4;NA;NA;11779929;48175;77832,9;NA;12428475;57517963;115892,4;93903,8;18032;NA;750074;218303;6194294,5;NA;9892,6;1482359;613999;777231;NA;4799,1;90137,7;263853;NA;177323;867096;278459,9;5999050;47336;NA;413883;410174;581671900;NA;7427;20475;3469;NA;NA;1856,9;1563679,4;201339;3483241;344908;58585,8;116522,8;NA;NA;2066412;15253;24705;NA;337845;3016038;427247,8;869040,8;26304,3;NA;3294013;1735365;102997810,6;NA;34981,4;2650501;4171080;3803227;NA;8168,9;285228,4;1595522;NA;192264;3296285;204477,4;21149456;274733;NA;NA;3898200;1676904100;NA;15482,7;40526,1;7925;NA;NA;13167,3;6853697,5;1431038;2124877;766324;307535,4;162601,9;NA;NA;6040186;28911;28831,4;NA;4002078;45428582;604513,8;1267724,1;49897,9;NA;1817347;2141522;52586417,2;NA;191359,1;2909504;4826031;3083047;25158251;17980,7;300399,3;1705986;35725648,8;358980;3995852;303371,4;51445752;2061017;NA;3576033;1739590;370356300;NA;17377,7;3235222,4;16292;NA;NA;64580,1;7296119,4;4292554;2741853;790175;385975,5;180468;NA;NA;6747142;26797;57740;NA;6038388;10725501
"2006-12-31";183671,9;488986,2;25591,6;NA;NA;NA;NA;NA;18061,2;1432277;2246981;2802950;8963955,3;7988,3;71853,7;823392;12084464,5;138192;2355921;98548,4;13730637;207744;630762,1;NA;917937;NA;NA;7673,3;198161,8;5829;NA;NA;3712,2;NA;1073247;1569101;354774;160749,2;113020,7;NA;NA;3992285;15591;43430,2;NA;1372427;NA;897779,1;1608191,1;58431,2;NA;NA;NA;NA;NA;204287,3;3857423;10369320;7031571;NA;21204,4;347941,2;2810395;NA;339099;6370579;456500,4;47547280;2706153;1545546;NA;3377801;NA;NA;23729,3;3883458,5;24437;NA;NA;96079,6;NA;4963765;4356542;1022211;558994,4;292399,8;NA;NA;10067585;44194;63891,1;NA;12620038;NA;95313,3;62972,7;19943,2;NA;705200;211662;NA;NA;4619,1;1458705;609613;662357;NA;5211,5;70200;245988;NA;190666;771119;135257,3;4846524;49531;272612;NA;388052;459987800;NA;8006,5;22702,4;3148;NA;NA;1531,1;NA;144063;4305912;357665;44309;88483,1;NA;NA;2124439;13603;13232,7;NA;343216;2662611;455649;903307,7;31806,4;NA;NA;NA;NA;NA;39196,9;2852180;4180288;4237860;NA;9550,4;311808,5;1858600;NA;210224;3671158;245407,5;23890129;306842;1700734;NA;4093070;NA;NA;18671,9;44760,9;11201;NA;NA;14031,8;NA;1428651;2399396;878673;330012,3;268782,4;NA;NA;6834186;32538;33421,7;NA;4178233;NA;712827,9;1413375,3;64451,5;NA;NA;NA;NA;NA;207876,4;3053949;5615923;3388750;29099280,9;22331,8;365750,1;2051772;41075531,3;396745;4715592;371150,5;59229183;2299337;732017,2;NA;1999225;NA;NA;22999,5;3799057,8;22849;NA;NA;88450,3;NA;4849497;3711340;951489;434164,8;242692;NA;NA;7407198;31407;54149;NA;6683104;NA;288883,1;795968,7;82090,5;NA;1984218;857169;138796684,5;NA;33842,3;4048862;2822202;3650768;15574588,1;17480,1;112405,2;2208556;20001632,9;246414;5211893;392555,7;29482234;304756;NA;6266833;1640528;946293600;NA;17035;311708,9;11586;NA;NA;7307,3;7155115,6;1178827;4627775;708882;289375,7;491512,9;NA;NA;9175023;36939;43862,4;NA;1499067;15776099;1271248,6;1973190,5;68117,7;NA;7059324;4018163;183276867,5;NA;225164,4;4831219;11940565;10271440;NA;25524,4;389025;3897179;NA;408965;9544274;463996,1;55832966;2896682;NA;10280303;4608076;3069150600;NA;26202;4992258,8;28792;NA;NA;100657,9;9772772,7;5890362;5314404;1237743;722330;295276,8;NA;NA;13263069;54142;70218;NA;13815322;63489635;123167,3;97420,3;20107,2;NA;816566;216476;10845449,9;NA;10115,3;1562595;627049;868437;NA;5612,3;96437,4;299578;NA;198529;929438;292905,4;5275098;53095;NA;592113;432959;581152800;NA;8456,4;23304,4;4353;NA;NA;1603,6;1847431,8;186694;4403146;387933;65510,6;115736,7;NA;NA;2297717;16741;26277,4;NA;343216;3262917;455649,2;903307,7;31815,1;NA;3622019;1859613;118138279,4;NA;39358,3;2853643;4180288;4239276;NA;9550,4;311808,5;1858600;NA;210415;3676365;245407,5;24009629;306842;NA;NA;4212234;1707032900;NA;18671,9;44964,3;11201;NA;NA;14031,8;7652596,2;1441639;2399400;878673;334490,2;269687,2;NA;NA;6839322;32538;33421,7;NA;4178233;50283430;712827,9;1413375,3;64451,5;NA;2046002;2448093;71269206,4;NA;207876,4;3053949;5615923;3388750;29099280,9;22331,8;365750,1;2051772;41075531,3;396745;4715592;371150,5;59229183;2299337;NA;6396611;1999225;383946100;NA;22999,5;3799057,8;22849;NA;NA;88450,3;9533312,1;4849497;3711340;951489;434164,8;242692;NA;NA;7407198;31407;54149;NA;6683104;12868487
"2007-12-31";206524,1;555894;31762,6;NA;NA;NA;NA;NA;20835,2;1500566;2479096;2689814;9611595,3;10341,8;86517,3;879301;12788006,3;160118;2361195;125619,4;15379283;224636;621832,8;NA;955270;NA;NA;9488,8;262627,9;7835;NA;NA;4201,2;NA;1155765;1792685;396044;171069,3;124752;NA;NA;4527326;18570;47084,3;NA;1496854;NA;982782,4;1840622;83508,4;NA;NA;NA;NA;NA;215692;4418366;11123433;7817086;NA;27562,9;402374,7;3123526;NA;377031;7146157;536838,6;62206806;2973028;1628173,7;NA;3584783;NA;NA;32444;4445177,8;34314;NA;NA;141291,1;NA;5579762;4895323;1227510;613136,5;392233,2;NA;NA;11003427;60722;76819;NA;14878762;NA;100051,1;67237,2;20934,2;NA;736246;228634;NA;NA;5222,2;1666699;673835;681785;NA;5735,5;80560,8;273170;NA;204876;849496;154345,6;5036295;55306;255338,2;NA;384535;435294100;NA;8739,9;26376,8;3827;NA;NA;1694,4;NA;157809;4622089;418867;45812,9;124089,8;NA;NA;2249243;16611;14583,8;NA;360712;2863988;480440,4;936909,9;49713,6;NA;NA;NA;NA;NA;45486,1;3308229;4403485;4286849;NA;11499,5;339530,9;1929117;NA;215883;3869605;306601,6;26357598;304173;1773354,7;NA;3873514;NA;NA;24604,1;51741,9;15425;NA;NA;14433,1;NA;1431326;2637692;1026928;347669,4;363622,4;NA;NA;7070678;37301;38321,5;NA;4395321;NA;799482,8;1614507;89571,2;NA;NA;NA;NA;NA;225432,2;3471002;6225219;3857304;32716560,6;28061,1;440718,7;2344364;46461801,7;464444;5204839;467116,4;72312547;2598373;771845,7;NA;2175191;NA;NA;30494,7;4327476,9;33104;NA;NA;132798,8;NA;5496395;4299554;1097812;477738;340630,6;NA;NA;8347893;43972;59799,2;NA;8374200;NA;327814,6;911233,3;107928,4;NA;2408480;964125;154444086,8;NA;41302,9;4320459;3091207;3548265;16887382,1;22173,6;134285,5;2355486;21343335;274002;5599207;473767;33939400;364352;NA;10509549;1646789;817303700;NA;25267,1;399261,5;16361;NA;NA;8519,1;7594339,9;1258065;5321935;830093;321998,1;535447,5;NA;NA;9124010;47208;47598,3;NA;1627004;17348864;1416788,4;2273276,8;97417,7;NA;7546499;4640306;215488125,4;NA;245267,9;5538547;12882949;11586903;NA;32470,4;461734,7;4585695;NA;453509;10933373;548210,7;71897387;3176319;NA;13850420;4822291;2979305200;NA;35568,3;5700344,6;39423;NA;NA;147293,7;12378660,2;6762326;6180225;1475581;795225,1;403505,3;NA;NA;14309403;69763;88373,1;NA;16224375;69851569;129493,3;112340,4;21162,2;NA;850837;234838;16530541,1;NA;11038;1782903;690969;902090;NA;6326,1;107160,5;330688;NA;213264;1021281;312486,9;5388066;59762;NA;730934;428998;561445000;NA;9270,7;26920,1;5907;NA;NA;1770,7;2205739;205031;4724492;450270;69427,7;157441,5;NA;NA;2421941;21845;27626,2;NA;360712;3540953;480440,5;936909,9;49724,6;NA;3852871;1926665;131721613,2;NA;45679,4;3310134;4403485;4288440;NA;11499,5;339530,9;1929117;NA;216510;3876028;306601,6;26480098;304173;NA;NA;3996457;1596575800;NA;24604,1;51993,8;15425;NA;NA;14433,1;8999761,8;1444464;2637695;1026928;352181,4;364496,7;NA;NA;7075820;37301;38321,5;NA;4395321;52820856;799482,8;1614507;89571,2;NA;2247941;2940194;87490291,9;NA;225432,2;3471002;6225219;3857304;32716560,6;28061,1;440718,7;2344364;46461801,7;464444;5204839;467116,4;72312547;2598373;NA;8866052;2175191;363483600;NA;30494,7;4327476,9;33104;NA;NA;132798,8;10496504,5;5496395;4299554;1097812;477738;340630,6;NA;NA;8347893;43972;59799,2;NA;8374200;14645737
"2008-12-31";214284,2;659339,8;35803;NA;NA;NA;NA;NA;26954,9;1679575;2313528;2338102;9177308,7;11753,1;102086,5;847562;12057940,1;179757;1996473;130088,5;15699248;252865;592359,5;NA;901342;NA;NA;10546,2;208902,8;8090;NA;NA;4664,2;NA;1208589;1902902;443934;160884,6;122730,1;NA;NA;4832028;19449;50300,1;NA;1740735;NA;1001130,1;1769551,8;100220,5;NA;NA;NA;NA;NA;258810,4;4906665;11791945;8132965;NA;28116,7;460188,9;3218820;NA;444836;7108414;541380,8;79166716;3092683;1597782,6;NA;3662459;NA;NA;34715,2;3960495,4;37742;NA;NA;157491,5;NA;5573715;5802735;1418901;631393,7;489275,5;NA;NA;11098664;62267;91802;NA;22014136;NA;106449,3;87342,6;22247,1;NA;794323;220209;NA;NA;3993,6;1546446;751431;875376;NA;5548,7;70827,8;291304;NA;171977;794007;136058,8;6879122;66681;244777,5;NA;385281;399370300;NA;7745,6;29084,9;5880;NA;NA;1618,2;NA;249756;4674440;484301;44855;179731,6;NA;NA;2142333;13639;14015,6;NA;449277;3245536;473355,1;878886,6;56580;NA;NA;NA;NA;NA;44200,1;3566627;4203318;3818998;NA;15176,8;278254,2;1745363;NA;194187;3597560;295030,6;27304650;281408;1527565,6;NA;3676889;NA;NA;28801,5;54926,8;16168;NA;NA;14866,4;NA;1568750;2639284;944608;346530,7;337153,3;NA;NA;6697120;35966;41375,2;NA;4301744;NA;813167,8;1668313,3;109327,2;NA;NA;NA;NA;NA;251212,5;3837540;6226057;3861360;32172139,5;28921,8;451302,1;2357320;46475262,7;464126;5003965;447397,5;88987722;2710329;680170,2;NA;2164801;NA;NA;31123,2;3830442,8;36089;NA;NA;148381,9;NA;5387756;5056686;1204879;482787,2;436896;NA;NA;9258283;48748;67576,2;NA;11374045;NA;319830,2;1051580,9;126844,4;NA;2175199;909706;147897585;NA;47349,8;4112785;2952663;2837895;15314910,4;26874,1;112846,4;2072088;19245334,1;297967;4431206;473598,1;34520172;416839;NA;7733916;1486523;734594000;1449727500;29463,4;318274,5;17187;NA;NA;9893;8747965,2;1314132;5698879;882093;311501;661835,1;NA;NA;8285155;47678;51147,4;NA;1903769;16616610;1568336,6;2179979,2;113195,6;NA;7631581;4166989;232017351,9;NA;286086,4;6039473;13743749;12105973;NA;33205,7;544843,4;4925027;NA;520749;11113439;552145,7;90133879;3333446;NA;16778945;5067370;2833785600;4170630500;37856,5;5303221,9;43387;NA;NA;163713,6;13187031,7;6903078;7270394;1696054;837077,1;498417,2;NA;NA;15407589;73711;96297;NA;23817028;68146978;134290,6;133206,1;22535,3;NA;898236;225798;27756109,1;NA;10458,1;1679755;768174;1073391;NA;6349,9;97141,7;360321;NA;180722;983762;293853;7394654;71770;NA;1154781;436569;514866600;809822700;8369,7;29768,8;8860;NA;NA;1727,1;2819737,4;304729;4828471;521248;72151,3;219306,4;NA;NA;2300672;17289;27340,8;NA;449277;3856753;473355,1;878886,6;56592,5;NA;3615679;1787488;128795022,5;NA;44412,3;3571187;4203318;3820788;NA;15176,8;278254,2;1745363;NA;194365;3603833;295030,6;27431150;281408;NA;NA;3804270;1534154500;1695110600;28801,5;55199,5;16168;NA;NA;14866,4;8666782,1;1581679;2639287;944608;350688,1;338061,5;NA;NA;6702261;35966;41375,2;NA;4301744;46214530;813167,8;1668313,3;109327,2;NA;1999709;2481462;97592128,6;NA;251212,5;3837540;6226057;3861360;32172139,5;28921,8;451302,1;2357320;46475262,7;464126;5003965;447397,5;88987722;2710329;NA;16063703;2164801;316990100;762758400;31123,2;3830442,8;36089;NA;NA;148381,9;11668975,6;5387756;5056686;1204879;482787,2;436896;NA;NA;9258283;48748;67576,2;NA;11374045;13749131
"2009-12-31";233731,2;725610,2;37207,9;NA;NA;NA;NA;NA;28242,3;1693461;2424176;2677845;9894788,2;11490,6;105141,1;872917;12838070,6;172228;2269217;134910,8;17281889;315455;657588;NA;933738;NA;NA;9393,7;250477,1;7332;NA;NA;5149;NA;1291153;2006330;477929;171548;152171;NA;NA;4876008;19544;48312,3;NA;1589775;NA;1004816,8;1800250,5;103238,2;NA;NA;NA;NA;NA;313443,4;4911223;11192074;8377532;NA;27379,1;498539,4;3274998;NA;470809;7268058;568997,8;78285391;3207560;1916571,3;NA;3915323;NA;NA;33847,5;4358211,5;36250;NA;NA;164423,8;NA;5871538;5758729;1522230;676495,6;543076,1;NA;NA;12049819;65245;88216,8;NA;18038456;NA;122682,7;93336,9;21442,5;NA;858820;229182;NA;NA;4578,5;1598854;818759;949750;NA;5675,4;81808,8;317055;NA;197642;910785;136038,1;7037907;72373;245122,1;NA;404598;411940900;NA;8403,1;28725,9;6728;NA;NA;1826,2;NA;230217;4946632;494335;49731,8;192284,8;NA;NA;2383598;16338;14159;NA;491034;3484180;509053;957938,6;62526,4;NA;NA;NA;NA;NA;48361,8;3675903;4366830;4251421;NA;12601,3;290856,4;1792967;NA;218797;3878880;300401;29417352;299806;1861988,9;NA;3642603;NA;NA;23556,5;60560,8;15271;NA;NA;15631,2;NA;1598678;2863296;1089675;361201,7;275031,8;NA;NA;7614991;38638;43454,7;NA;4490163;NA;811290,4;1675219,9;118078,8;NA;NA;NA;NA;NA;310947,7;3950895;5744851;4004294;32953604,4;28016,8;512823,4;2431832;45778441,2;498916;5093169;486018,6;92975629;2877976;813688,6;NA;2252712;NA;NA;32191,3;4240907,2;35116;NA;NA;155035,2;NA;5595302;4303305;1336816;528570,2;510259,8;NA;NA;9528687;50029;79020,9;NA;9139571;NA;335807,5;1112578,1;128547,2;5282365,8;2373482;1012520;168595057,8;NA;49126,9;4454650;3033748;3253921;16180781,6;21244,7;116089,1;2042801;20335353,4;283766;4869078;499379,4;36426505;462242;NA;6190997;1496776;768731400;1675367000;22305,5;381514,6;15977;NA;NA;11365,7;7984838,3;1509463;5756959;965862;320112,3;797878,8;NA;NA;9525484;47411;49521,6;NA;1711740;16893796;1543524,8;2219264,8;117252,3;8457169,3;8245114;4356280;257399206,9;NA;350759,9;6124205;12823550;12483487;NA;31754,7;593412,9;5032671;NA;550321;11078656;578609,6;91594700;3440014;NA;16999341;5406826;2871108100;4395055100;36665,8;5657069,5;41189;NA;NA;171852,4;13261343;7461936;7393337;1827427;914017,5;555564,5;NA;NA;16595555;79401;92272,8;NA;19596968;69929022;158688,1;135177,9;21835,4;1895626,2;981992;236093;18925940,8;NA;11512,1;1722763;834694;1157540;NA;6730,4;110446,2;397852;NA;205678;1070248;287935;7524913;77338;NA;1202541;446160;525054400;900667000;9956,5;29293,6;9849;NA;NA;1927,9;2843060,1;291653;5068527;536267;78482,4;228735,3;NA;NA;2559538;21580;24071,8;NA;491034;4099915;509053;957938,6;62541,8;2993512,9;4027572;1901835;142999361,5;NA;48594,3;3681385;4366830;4252486;NA;12601,6;290856,4;1792967;NA;218885;3885515;300401;29547852;299806;NA;NA;3768731;1583605200;1975951300;23556,5;60846,9;15271;NA;NA;15631,2;8979245,2;1612368;2863296;1089675;365385,8;275803,7;NA;NA;7619800;38638;43454,7;NA;4490163;48718673;811290,4;1675219,9;118078,8;1800156,3;2287701;2534252;101167841,2;NA;310947,7;3950895;5744851;4004294;32953604,4;28016,8;512823,4;2431832;45778441,2;498916;5093169;486018,6;92975629;2877976;NA;14508689;2252712;322336700;852680300;32191,3;4240907,2;35116;NA;NA;155035,2;11402403,3;5595302;4303305;1336816;528570,2;510259,8;NA;NA;9528687;50029;79020,9;NA;9139571;14452659
"2010-12-31";254262,1;806393,4;38502,2;NA;NA;NA;NA;NA;29459,6;1673662;2356723;3076654;10394372,6;12858,8;110048,5;978391;13665734,1;196348;2411683;123510,9;18131758;351397;763545,9;NA;950585;NA;NA;10604;240250,1;7584;NA;NA;5562,1;NA;1403636;2283942;569446;197260,9;154922,5;NA;NA;5016653;19893;51503,7;344518,3;1679316;NA;1002183,5;1787968,1;105863,5;NA;NA;NA;NA;NA;326684;5152135;11338947;9134022;NA;25863,9;508574,2;3218399;NA;579085;7761524;601866,6;79733381;3457402;2088649,4;NA;4099580;NA;NA;33417,2;4952004,8;36189;NA;NA;185333;NA;6239764;6094070;1707029;710193,4;586357,6;NA;NA;12833027;63992;92487,3;1069837,6;19605756;NA;132663,7;95911,7;20031,7;NA;918145;210904;NA;NA;4517,8;1481446;1062271;1026961;NA;6834,2;83779,7;308558;NA;220287;903566;152023,4;7114602;61351;261913,9;NA;415768;397723700;NA;9170,6;31284,3;6589;NA;NA;2039,5;NA;231992;5533993;495045;59985,1;159933,5;NA;NA;2508977;17275;14469,6;352997,8;596648;3818798;532264;1025092,8;67512,6;NA;NA;NA;NA;NA;49949,4;3913976;4543503;4659298;NA;13058,5;260580,3;1821172;NA;241852;4129400;333604,4;31208875;307342;2133818;NA;3556858;NA;NA;23888,5;64615,5;16017;NA;NA;16578,6;NA;1719392;3036520;1196806;368398,9;289563,6;NA;NA;8528215;40363;49624,9;515465,3;4685865;NA;822459,3;1727789;119196,6;NA;NA;NA;NA;NA;325342,4;4124959;6113029;4377857;35028019,9;28272,1;476562,8;2371637;49857304,4;603520;5439865;502986,8;93308028;3072355;838963,4;NA;2300776;NA;NA;34110,8;4863984,1;36641;NA;NA;175420,1;NA;5957436;4709580;1554632;543853,3;565553,9;NA;NA;9824962;51232;84075,7;749509,4;10322885;NA;373331,3;1149446,2;140732,4;4418864,4;2443323;1041733;210243281,8;NA;52094,2;4494974;3038340;3774626;17040979,8;23522;116047,9;2171476;21663370,4;314593;5151318;498532,8;37257548;492102;1226636,9;6366703;1533341;789497100;1849024900;24590,3;378565;17276;NA;NA;12494,1;8749614,3;1737539;6297235;1099560;356976,5;554576,3;NA;NA;10245497;45129;52959;2184005,4;1819257;17745040;1503237;2175146,1;122776,2;11738171,6;9077789;4615158;285432961,3;NA;366686,2;6365040;12865675;13578042;NA;28939,8;652484,4;4981534;NA;684517;11534698;609439,1;93110792;3683919;2964256;15629644;5639870;2895295400;4699005400;36576;6396396,8;41462;NA;NA;196149,5;14452279,9;7853440;7739678;2061985;1004618,6;597387,2;NA;NA;17007440;77111;94811,3;1260915,3;21201956;71524109;170824,8;147505,9;20511,3;2152151,8;1043725;219709;19318958,1;NA;11994,7;1619173;1081687;1220183;NA;8183,7;108406,3;409836;NA;228199;1125058;300535,2;7495545;66254;453948,9;1194196;455065;518634900;987481800;11412,7;31920,7;9593;NA;NA;2137,7;3137806,3;288501;5677669;548915;91590,7;193709,7;NA;NA;2679431;20991;24999,8;435637,8;596648;4451070;532264;1025092,8;67532,1;3416262,1;4414517;1939529;161837444,2;NA;50195,9;3917754;4543503;4660287;NA;13292,5;260580,3;1821172;NA;241943;4136400;333604,4;31343375;307342;2137809;NA;3685472;1604776100;2214732700;23888,5;64925,5;16017;NA;NA;16578,6;11109693,2;1733746;3036520;1196806;372725,4;290325,4;NA;NA;8533188;40363;49624,9;515465,3;4685865;52765382;822459,3;1727789;119196,6;2472550,5;2542305;2580584;115198969,4;NA;325342,4;4124959;6113029;4377857;35028019,9;28272,1;476562,8;2371637;49857304,4;603520;5439865;502986,8;93308028;3072355;838963,4;14049488;2300776;345871000;943233000;34110,8;4863984,1;36641;NA;NA;175420,1;12486967,1;5957436;4709580;1554632;543853,3;565553,9;NA;NA;9824962;51232;84075,7;749509,4;10322885;16182618
"2011-12-31";271207,1;863046,2;41069,5;NA;NA;NA;NA;NA;36234,4;1757565;2329616;3106135;10472389,4;13932,5;114293,1;942147;13857620,8;196508;2325947;123155,6;19972289;367809;774974,6;NA;963839;NA;NA;27027,8;254850;8076;NA;NA;6089,7;NA;1484676;2317645;643971;192690,7;182998,4;NA;NA;5168682;19672;54689,7;378134,2;1697062;NA;1031443,2;1849129,1;110887,9;NA;NA;NA;NA;NA;359651,4;5380398;11720760;9262762;NA;25773,9;467007,8;3255902;NA;728729;7964910;628179,2;85683292;3468646;2141461,6;NA;4198511;NA;NA;33748,7;5519165,1;34811;NA;NA;205180,2;NA;6716718;6588519;1882077;646729,9;617021,1;NA;NA;13139771;63335;95308;1271771,8;21594496;NA;135240,8;102974,6;19539,2;NA;971642;222756;NA;NA;5587,8;1597266;1057885;1089467;NA;7227;80220,7;332277;NA;208570;891111;159700;9516737;87293;245491,7;NA;407587;418601800;NA;7912,3;31145,8;6344;NA;NA;2265,7;NA;232074;5444252;482441;73519,3;154950,6;NA;NA;2673829;17805;12089,6;371455,2;597983;3626113;536440,7;1046690,3;78532,2;NA;NA;NA;NA;NA;51089,5;3997240;4585392;4711224;NA;14528,9;236478,6;1839335;NA;231909;4167018;337091,5;32576215;305529;2171103,3;NA;3479752;NA;NA;25050,1;64171,5;15493;NA;NA;17024,9;NA;1851952;3161269;1241895;369082,5;312215,3;NA;NA;8237527;39907;52902;586340,5;5078607;NA;846745,1;1781905,8;119559,3;NA;NA;NA;NA;NA;353277;4176946;6366595;4255452;36770215,6;29290;417960,3;2443908;53095185,4;722754;5549671;502186,5;103536194;3187428;853874,9;NA;2325671;NA;NA;35695,6;5445561,2;37034;NA;NA;194489;NA;6390559;4784224;1708623;504202,7;599417,2;NA;NA;10173297;50838;86455,9;920849,9;11251694;NA;391212,2;1224360,2;146389,9;4675757,6;2497513;1085825;237828956,1;NA;58018,7;4683202;3023545;3775810;17100545,7;26492,6;115987;2070400;21784321,7;322565;5053551;499574,7;41971115;497630;1201296,6;5305504;1595035;823593400;1913657700;27027,8;370442,4;18028;NA;NA;13899,4;11405574,7;1828216;6403003;1210040;363203,8;616816,9;NA;98720501;9977406;44039;56807,6;1992897,7;1826020;18434043;1540918,5;2274225,7;128054,2;13395844,4;9382612;4876258;316972249,1;NA;398918,6;6706235;13326983;13967442;NA;28477,9;630562,7;5105917;NA;879287;12438858;636661,6;99182500;3628005;3028651,2;14431631;5928908;2954315300;5003294600;37643,3;7088056,8;39466;NA;NA;217080,8;16334978,3;8592708;8348373;2252903;953183,6;626634,4;NA;76322062;17261568;76856;97620;1534136,5;23408938;73139782;173272,9;159135,9;20067,8;2366870;1101938;230401;27761352,4;NA;13387,4;1866848;1075822;1276562;NA;9000,9;94348,2;457259;NA;218072;1066478;308874,9;9897473;92005;448014,1;1290001;449473;527510800;1065438700;10975,7;32046,8;8936;NA;NA;2364,5;3774505,5;290232;5576502;569404;113763,8;181957,5;NA;19664330;2878168;22637;24380,1;471257,5;597983;4225227;536440,7;1053944,5;78543,3;3818162,2;4571597;1979439;171261325;NA;51356,6;4006212;4585392;4712158;NA;15011,6;236478,6;1839335;NA;232046;4174371;337091,5;32714715;305529;2177373,3;NA;3608898;1625450400;2332188300;25050,1;64504,5;15493;NA;NA;17024,9;13418093,3;1864837;3161269;1241895;373467,6;313666;NA;28457471;8242636;39907;52902;586340,5;5078607;53462109;846745,1;1781905,8;119559,3;2758271,5;2522517;2659413;138689486;NA;353277;4176946;6366595;4255452;36770215,6;29290;417960,3;2443908;53095185,4;722754;5549671;502186,5;103536194;3187428;853874,9;13271325;2325671;378094600;969413500;35695,6;5445561,2;37034;NA;NA;194489;12643258,6;6390559;4784224;1708623;504202,7;599417,2;NA;35269208;10173297;50838;86455,9;920849,9;11251694;17696249
"2012-12-31";284552,8;917400,7;44975,9;NA;NA;NA;NA;NA;24284,9;1867784;2572065;3189782;11054148,3;15390,5;111174,7;898650;14582821,7;203762;2470142;117052,8;19223836;460947;768090,5;NA;991996;NA;NA;13406,8;258790,5;8280;NA;NA;6733,3;NA;1574480;2555288;642757;191786,1;174991;NA;NA;5252507;18602;31643,4;444842,8;1724787;NA;1062270,9;1770155;120103,5;NA;NA;NA;NA;NA;430871,6;5758778;12212128;9619791;NA;27682,9;450144,8;3224509;NA;708933;8084108;632656,2;82291919;3411972;2275629;NA;4442988;NA;NA;34063,7;6556095,6;35187;NA;NA;220764,2;NA;7152510;7060871;1965834;633901,6;652605,3;NA;NA;13559027;62214;99030,4;1453140;20490322;NA;145271,6;111342,5;22336,1;NA;1055456;243958;NA;NA;6428,6;1695977;1186866;1024091;NA;7907,2;121195,5;360574;NA;226473;906448;158047,8;8436767;91891;233925,2;NA;441930;444417700;NA;8338,3;33633,7;7715;NA;NA;2582,9;NA;251971;6099179;476436;81743,8;171254,4;NA;NA;2795157;18888;19774,1;383066,8;653930;3715406;556999,4;1090542,2;84922,3;NA;NA;NA;NA;NA;52360;4342991;4813006;5169204;NA;17727,8;235254,7;1874233;NA;249733;4325128;355254,5;33860121;317337;2405196,5;NA;3658332;NA;NA;27118,1;67181,8;16632;NA;NA;18139;NA;1962377;3399970;1417678;366052,6;369447,5;NA;NA;8695298;40499;57646,5;650078,9;5196940;NA;873128,7;1778705,6;131111,1;NA;NA;NA;NA;NA;402512,4;4313038;6668474;4482122;39276052,9;32456,5;504186,5;2422616;55701391,1;707338;5810273;493160,8;97914184;3353151;837388,2;NA;2474689;NA;NA;37061,4;6565587,3;38622;NA;NA;210424,1;NA;6736410;5286020;1808277;518754,7;634481,8;NA;NA;10398247;51943;89437,1;1090134,3;10925615;NA;404772,3;1287879,7;144044,7;5240861,1;2592572;1163981;251086336,7;NA;56571,5;4740437;3315603;3908689;18095452,9;29442,9;114526,9;2050805;23034415,2;326540;5510338;493636;40677942;617010;1303693,1;5182599;1549154;873682600;1970732000;28905,4;378907,2;18729;NA;NA;15542,7;11261383,9;1931658;6718784;1214491;358819,4;635198,9;NA;118821213;10506958;43655;56455,9;2564474,9;1863271;19314678;1556450,8;2188791,8;138672,6;15377696,7;9951709;5310296;338921745,1;NA;457962,5;7040868;13820590;14607249;NA;31762,1;602194,6;5150219;NA;871813;12593663;640327,4;95772437;3568723;3148772,8;14612186;6353324;3116317400;5402116700;37609,8;8164152;40133;NA;NA;234770,1;17964682,9;9150378;9166660;2432619;928934,3;660050;NA;89022672;18137834;77300;99713,1;1734231,9;22354784;77287447;213476,9;163806;22997,1;2708877,6;1201293;250452;26968594,1;NA;14410,2;1906364;1205123;1232708;NA;10092,7;133198,2;588904;NA;234990;1127095;309506,5;8840732;96627;454409,2;1258131;482620;554145000;1140162900;11681,2;34217,2;10182;NA;NA;2728,2;4376034,5;320155;6252724;571566;131861,7;201418,7;NA;21956703;3018411;22888;35380,6;488804,8;653930;4343951;556999,4;1098328,4;84929,6;4458620,1;4950015;2074090;188960656,6;NA;52805,7;4346742;4813006;5170131;NA;18197,4;235254,7;1874233;NA;249866;4332840;355254,5;34002621;317337;2409556,5;NA;3786407;1697098700;2513578400;27118,1;67542,9;16632;NA;NA;18139;16463991,1;1975929;3401136;1417678;370543;370745,7;NA;32318160;8700306;40499;57646,5;650078,9;5196940;57673290;873128,7;1778705,6;131111,1;3155006,8;2774389;2887619;146205811;NA;402512,4;4313038;6668474;4482122;39276052,9;32456,5;504186,5;2422616;55701391,1;707338;5810273;493160,8;97914184;3353151;837388,2;10508200;2474689;448587500;1023340800;37061,4;6565587,3;38622;NA;NA;210424,1;14113018;6736410;5286020;1808277;518754,7;634481,8;NA;37612568;10398247;51943;89437,1;1090134,3;10925615;19108820
"2013-12-31";302511,6;835195,2;47186,5;NA;NA;NA;NA;NA;20660,8;2184178;2827608;3412143;11597639,6;15942,6;95903,2;882820;15262242,3;185606;2643817;114531,5;21436682;578318;803313,4;NA;991172;NA;NA;13759,7;277973,3;9661;NA;NA;7398,6;NA;1671382;2654258;657516;187072;196096,6;NA;NA;5598482;18563;32275,6;536311,1;1819250;NA;1040608,5;1803401;122549,2;NA;NA;NA;NA;NA;417868,9;6207657;11419517;9904571;NA;30923;412412,7;3034602;NA;644745;8351184;659553,9;79266658;3483333;2433683,4;NA;4325873;NA;NA;33365,7;7190660,9;34709;NA;NA;222391,5;NA;7198396;7578339;2055153;606332,2;658605,2;NA;NA;14686821;57511;91320,3;1802922,1;19350060;NA;138897,3;117975,3;21673,9;NA;1121923;238606;NA;NA;7874,2;1640047;1124844;1014694;NA;8455,6;110749,4;383456;NA;239205;949153;175769,7;8347178;93216;237097,4;NA;461539;469351400;NA;7805,3;36480,5;7238;NA;NA;2799,3;NA;246198;7507015;454518;75529;170678,7;2832115,8;NA;2952967;23760;21275;380350,8;636546;4013320;580237,6;1126174,9;103057;NA;NA;NA;NA;NA;49486,6;4524454;5009955;5296542;NA;19939,5;264526,1;2024754;NA;273968;4473762;371049,6;35893676;323556;2570919,3;NA;3846048;NA;NA;29722,2;72018,9;17901;NA;NA;19100,6;NA;1942386;3671214;1546622;370591,1;459609,4;NA;NA;9675212;41604;61806,9;753324,3;5271730;NA;855830,5;1746835,5;127987,7;NA;NA;NA;NA;NA;406604;4735099;6258043;4583426;39838055,7;33926,7;450894,1;2359280;54877926,3;649927;6006830;501538,9;94428817;3565488;870992,7;NA;2453811;NA;NA;36630,4;7227102,6;39830;NA;NA;210229,3;NA;6885983;5823209;1864766;510575,9;649587,1;NA;NA;11192662;50932;89302,5;1296000,8;9959458;NA;449444,6;1341268;140225,3;5785080,3;2790510;1069645;246112658,1;NA;53256,8;5226497;3548436;4302169;19088325,3;29693,7;103465,3;2114101;24214510,4;329161;5915385;496003,1;42526929;718746;1422861,5;4588693;1551607;959776100;2036769700;30831,3;398889,2;18771;NA;NA;16565,6;12109304,5;2014348;6955296;1272663;354257,8;609083,7;NA;145350347;11699786;42652;57445,9;2729300,9;1930632;20791480;1502220,5;2199171,6;140747,4;16458170,5;10817925;5552058;363401056,5;NA;441932,5;7872589;12873619;14932490;NA;35491,8;520441,6;4581647;NA;765509;12747391;665406,6;94717184;3650711;3418520,5;14609349;6146849;3244467600;5670062600;36587,3;9004139,1;41520;NA;NA;235273,3;19113406,7;9045876;9844507;2562345;881750,2;671460;NA;102882661;19796179;70929;102486,5;2181512,4;20732196;82683238;208343,4;171721,2;22411,6;2860348,3;1288978;244310;29483002,7;NA;15857;1893841;1142519;1204473;NA;10862,3;124251,9;656968;NA;247697;1216215;330694;8724479;97901;468522,2;1212938;517406;584695100;1202054800;11722,4;37288,9;9602;NA;NA;2938,7;5033136;326721;7673109;561783;131451,1;210741,4;3501934,8;24534916;3198463;28777;38845,1;490776,6;636546;4645759;580237,6;1134870,2;103063,3;4848173,1;5349541;2189380;209427258,4;NA;49548,1;4527817;5009955;5297262;NA;20434,4;264526,1;2024754;NA;274101;4481757;371049,6;36040676;323556;2576744,3;NA;3974951;1750859000;2678058000;29722,2;72394,8;17901;NA;NA;19100,6;16224031,6;1955859;3672344;1546622;375065,5;460907,6;NA;37153265;9679982;41604;61806,9;753324,3;5271730;65210481;855830,5;1746835,5;127987,7;3524086,3;2977690;3008667;167991379,1;NA;406604;4735099;6258043;4583426;39838055,7;33926,7;450894,1;2359280;54877926,3;649927;6006830;501538,9;94428817;3565488;870992,7;10215064;2453811;497031700;1060325400;36630,4;7227102,6;39830;NA;NA;210229,3;15212222,3;6885983;5823209;1864766;510575,9;649587,1;NA;43950790;11192662;50932;89302,5;1296000,8;9959458;21238770
"2014-12-31";318624,6;829927;50984,6;NA;NA;NA;NA;NA;20050,2;2216759;2956159;3542491;12403477,5;18380,8;61613;901286;16293080,6;191599;2915212;117224,2;24890142;795850;929902;NA;1034898;NA;NA;15410;305182,1;9465;NA;NA;8305,2;NA;1794521;2831199;722207;176160;217515,9;NA;NA;5628720;18816;32018,5;604028,3;1866899;NA;1055157,5;1898901,9;132555,7;NA;NA;NA;NA;NA;474453,3;6736376;12212974;10673608;NA;33336,1;402945,4;3121416;NA;709470;9062481;669802,3;83994603;4044163;2663886,8;NA;4592020;NA;NA;35939,7;8851964,6;40362;NA;NA;236812,4;NA;7882311;8460214;2116743;601514,4;661787,8;NA;NA;16395738;60526;96804;2067754,3;20560158;NA;158564,2;137194,4;26522,2;NA;1220585;279974;NA;NA;6904;1506812;1179832;1074169;NA;11243,1;91794,5;398022;NA;256852;964133;182978,8;9861216;82557;252825,7;NA;484413;528412400;NA;10182;39390,1;7914;NA;NA;2794;NA;256086;8930098;483964;77571,1;186827,1;3142351,9;NA;3325087;28900;19332;390668,5;654859;4223466;604964,3;1195696,3;109147,5;NA;NA;NA;NA;NA;46459,4;4800670;5243775;5717500;NA;22230,2;264968,8;2092193;NA;288412;4627826;399285,5;39240394;347596;2734238,2;NA;3936274;NA;NA;30323,4;79212,1;18130;NA;NA;21724,9;NA;2173749;3954879;1639987;377511;493288,1;NA;NA;11057842;43408;68694,6;865949,2;5871758;NA;877700,9;1856295,7;136441,3;NA;NA;NA;NA;NA;462265,7;4813192;6721064;4976542;44752962,3;36970;463377,7;2539401;61645528;722575;6706626;520330,5;102099851;4430724;1049369,3;NA;2632523;NA;NA;38029,4;8874010;44432;NA;NA;221452,1;NA;7434322;6448707;2006193;531430,3;652660;NA;NA;12329830;57870;101893,5;1524191,3;10641015;NA;460946,4;1351413;158805,6;7356502,2;2957107;1204469;282206648,4;NA;48693,9;5303557;3737651;4379052;20557342,3;34140,7;68146;2150200;25846775,9;350106;6771854;494647,9;47382812;936502;1583300,6;5391595;1585153;1075325900;2162334000;32275,9;440301,1;20383;NA;NA;18397,8;14264279,4;2113530;7359632;1350733;336904,9;631478,5;NA;174814141;11890797;40674;60069,6;3237149,4;1940405;22243293;1493633,6;2291301,7;151211,2;18975425,8;11461959;5900626;411673908,8;NA;498328,5;8358004;13572471;15938412;NA;39656,8;489547,8;4506475;NA;839027;13571861;674835,4;100995817;4271174;3699956,4;14312593;6328651;3558858300;6106719900;42115;12417748;45732;NA;NA;251048,9;21150344,7;9791506;10993710;2630971;812718,6;674459,4;NA;140757374;22308511;70575;108244,9;2531528,1;21640842;86484583;230785,3;195510,8;27338,3;3040868,5;1383523;284684;34204572,9;NA;14857;1802737;1198352;1269875;NA;13593,5;115571,8;688026;NA;264258;1249061;339824,7;10236806;87772;492213,7;1303462;552572;632200900;1280844600;14183,5;40207,7;10273;NA;NA;2994,2;5502478,8;341015;9113271;614398;145379,9;233835,1;3933275,9;31228057;3568230;36213;36909,9;515127,9;654859;4879198;604964,3;1204870,5;109150,8;4912230,1;5878200;2285048;246112212,9;NA;46604,7;4803230;5243775;5718105;NA;22796,7;264968,8;2092193;NA;288575;4636164;399285,5;39394644;347596;2738784,2;4724852;4065579;1840523400;2900251300;30323,4;79622;18182;NA;NA;21724,9;18560208,2;2187335;3956086;1639987;381837;493495,1;NA;43362979;11062594;43408;68694,6;865949,2;5871758;69074018;877700,9;1856295,7;136441,3;4084364,8;3370795;3437452;206051654,5;NA;462265,7;4813192;6721064;4976542;44752962,3;36970;463377,7;2539401;61645528;722575;6706626;520330,5;102099851;4430724;1049369,3;9429061;2632523;620965600;1092950100;38029,4;8874010;44432;NA;NA;221452,1;17122104,4;7434322;6448707;2006193;531430,3;652660;NA;54003078;12329830;57870;101893,5;1524191,3;10641015;23070844
"2015-12-31";327442,6;913270,7;58307,9;NA;NA;NA;NA;456244722,1;22220,1;2113345;3247051;4088242;13713400,5;19102,8;59039,2;927852;17995925,4;207644;3174444;140375;31438529;1204200;956151,6;NA;1048452;NA;NA;16858,8;318460,2;10625;NA;NA;10589,8;NA;1964969;2855690;769258;186576;207623,7;NA;NA;5784887;19645;34958,4;680395,9;1947159;NA;1048002;1944422,9;134608,7;NA;NA;NA;NA;1284489530,2;521830,7;7134206;12353930;10715630;NA;35048,1;401233,6;3124391;NA;697748;9265994;681264,1;83422203;4416692;2798166,1;NA;4716376;NA;NA;40058,4;10355466,6;43564;NA;NA;242154,7;NA;8236118;8850595;2288628;593538;691274,3;NA;NA;16907383;58925;102810,7;2398958,6;18348224;NA;170214,2;138423,5;25453;NA;1363593;256248;NA;306937741,1;7134,6;1461702;1205199;992975;NA;11137,6;70474,8;399672;NA;268367;958913;187981,3;11495541;82663;283325,3;NA;478661;504367100;NA;11817,9;40726,3;7808;NA;NA;2999,9;NA;246380;10139700;494582;74700,5;190758,3;NA;NA;3408679;29762;19679;461781,5;653364;4478724;622054,7;1251232,3;118474,5;NA;NA;NA;NA;725853448,4;45736,5;5170430;5499252;6022100;NA;22694,5;259500,3;2165974;NA;301768;4904892;418876;42660198;356583;2766589;NA;4039286;NA;NA;33311,8;84995;20882;NA;NA;23062,7;NA;2283370;4213972;1752655;387855,8;516842,9;NA;NA;12051490;44204;73432,3;1007918,3;5964470;NA;866441,8;1919959,8;132407,3;NA;NA;NA;NA;869164425,5;511037,4;5078701;6697397;5213375;48057261,4;36691,4;485060,8;2654028;65037364,4;698806;6784523;501397,1;106444943;5379139;1095309,8;NA;2726079;NA;NA;41594,9;10407014,6;46535;NA;NA;228091,8;NA;7882768;6944418;2020687;529907,9;664777,4;NA;NA;12344984;58051;104135;1690885,6;10025108;NA;469803,4;1381268,7;159901,6;6362670;3039595;1239224;293105411,1;685417056,7;50419,5;5436658;4071343;5121402;22533041,8;36556,2;65346;2350735;28371492,5;374950;7463546;529565;53476728;1386232;1606843;5197985;1586277;1113369900;2359563300;33767,6;455034;20107;NA;NA;21124,9;16096838,7;2321846;7754818;1426615;343399,5;598858,7;NA;200398599;13048930;40757;60528,9;3481567,7;2013754;24048961;1480679,6;2355985,6;160697,9;20956120,5;12275667;6112404;451687498,2;1354698015,1;548469,2;8980782;13794220;15748130;NA;42467;530512,7;4399463;NA;849142;13827494;686166,5;99498714;4718776;3819688,6;17035251;6423948;3707085600;6582971000;45442,2;14582626,8;52180;NA;NA;258577,9;23924795,9;10154117;11462810;2790280;803431,9;699927,2;NA;157553875;23148048;67791;116594,5;3016407,9;19687540;86434957;247879,6;203764,2;26428,4;3651583,6;1521203;260136;41071792,3;357662350,3;15062,1;1656673;1226734;1188695;NA;13330;97511,2;652849;NA;274377;1257045;346771,5;11876763;87431;525578,8;1153765;547009;594533700;1370907300;15836,2;41530,6;10470;NA;NA;3186,6;5827288,7;340276;10327527;635591;144851,8;241302,4;NA;35566816;3666528;37765;40402,3;607522,2;653364;5161028;622054,7;1260004,9;118481,8;6129607,2;6116056;2322954;268286565,2;725853448,4;46616,4;5172245;5499252;6022684;NA;23280,2;259500,3;2165974;NA;301936;4913666;418876;42822198;356583;2772011,2;5256604;4170645;1837793400;3181791400;33311,8;85427,1;20934;NA;NA;23062,7;20174677,5;2297246;4215224;1752655;392011,5;517055,2;NA;53223876;12056388;44204;73432,3;1007918,3;5964470;70588323;866441,8;1919959,8;132407,3;4724416;3655790;3532069;233818427,4;869164425,5;511037,4;5078701;6697397;5213375;48057261,4;36691,4;485060,8;2654028;65037364,4;698806;6784523;501397,1;106444943;5379139;1095309,8;5830845;2726079;615393300;1101126100;41594,9;10407014,6;46535;NA;NA;228091,8;19943972,7;7882768;6944418;2020687;529907,9;664777,4;NA;61176384;12344984;58051;104135;1690885,6;10025108;23042758
"2016-12-31";352716,7;1038312,7;65900;NA;NA;NA;NA;492722557,8;25501,1;2262388;3403241;4141963;14631791,9;19990,4;58658,2;938054;18869958,5;227452;3360468;134324,1;28459216;1291035;1060418,1;NA;1117003;NA;NA;19261,9;341728,6;11460;NA;NA;13092,5;NA;2163036;2950329;838593;192022,4;232016,7;NA;NA;5895281;20745;38013,5;812954,7;2222285;NA;1027779,8;1932671,6;147499,7;NA;NA;NA;NA;1412487194,8;524085,7;7841626;12918283;11260791;NA;37117,1;393685;3273729;NA;693990;9584567;693911,1;106943530;4573968;2896587,8;NA;4904279;NA;NA;46325,5;10813958,4;46377;NA;NA;245064,8;NA;8665008;9201922;2542722;598925,7;729736,9;NA;NA;18425687;60231;112988,9;2862846,4;20790612;NA;176163,9;154831,1;31944,4;NA;1396521;277899;NA;397205223,5;7309,6;1445985;1236851;1011626;NA;11446,8;73902;398779;NA;278531;1003794;188986,9;12299414;78664;309377,2;NA;495830;520187900;NA;12191,5;41917,3;9058;NA;NA;3481,7;NA;248406;10403792;544484;80792,6;204803,6;NA;NA;3669386;27616;19368,9;487936,8;681944;4773790;649433,6;1300873,8;130015,3;NA;NA;NA;NA;843823322,3;45662,9;5522012;5747404;6285476;NA;24622,2;251995,6;2189335;NA;312252;5146242;433435,1;46140254;365989;2862427,8;NA;4084734;NA;NA;37501,6;89079,7;22532;NA;NA;25160,4;NA;2445679;4466247;1909838;392382,3;561330,4;NA;NA;13106062;46425;78037,7;1168629,8;6516533;NA;833895,8;2020792,9;137716;NA;NA;NA;NA;895388778,2;515376,1;5650209;6803351;5380674;49634625,5;38020,6;478651,5;2743529;65953015,3;708288;7026150;480954,8;122102018;5560300;1044713,9;NA;2706224;NA;NA;47896,9;10874350,7;48580;NA;NA;232725;NA;8296515;6920663;2181115;526097,8;692786,7;NA;NA;12775633;57783;116098,2;2028587,9;11021443;NA;508428;1554521,4;171366,8;NA;3364150;1308174;292192119,6;962495739,5;55699,2;5734542;4253883;5182954;24468796,2;39962,9;64540,3;2406342;30351535,4;380031;8438067;570899,3;52777072;1531470;1656517,5;4651065;1644448;1153420000;2432952000;36783,6;473558,1;21735;NA;NA;24565,2;19313145,6;2575963;8300024;1525470;349620,7;662405,2;NA;210970773;14082489;42210;66967,7;4051699;2289280;25744076;1441090,7;2379207,8;175304,3;NA;13242861;6575700;480942090,5;1499321501;546073,2;10259930;14529954;16577715;NA;45624,4;479562,4;4533796;NA;884059;14319377;698482,6;121040860;4846014;3972576,6;15781344;6698176;3909517100;6998930000;51981,2;15346462,7;54791;NA;NA;266594;25637780,3;10769770;11903410;3038694;796037,1;740498,7;NA;153914366;25475329;69480;126936,9;3561379,7;22352260;90114492;266725,5;223155,7;32780,8;NA;1557575;281773;40438907,8;457433225,7;15229,6;1667459;1252960;1207183;NA;13525,2;102906,8;648030;NA;283826;1278124;353483,1;13152157;83725;564294,5;1304698;559817;606367900;1456626300;16291,4;42622,6;11769;NA;NA;3725,3;5761893,4;340818;10622782;694591;153012,4;260124,9;NA;34047033;3943499;31350;40940,1;618243,7;681944;5518739;649433,6;1310320,8;130022,1;NA;6594760;2416110;284143381,9;843823322,3;46642,1;5523861;5747404;6286009;NA;25261,7;251995,6;2189335;NA;312456;5155355;433435,1;46310004;365989;2868121,1;5737920;4218149;1887164800;3389150200;37501,6;89539,9;22532;NA;NA;25160,4;22286423,3;2459692;4467579;1909838;396648,6;561385,6;NA;56999118;13110700;46425;78037,7;1168629,8;6516533;74626403;833895,8;2020792,9;137716;NA;4098303;3724015;231307435,7;895388778,2;515376,1;5650209;6803351;5380674;49634625,4;38020,6;478651,5;2743529;65953015,3;708288;7026150;480954,8;122102018;5560300;1044713,9;5171871;2706224;665735100;1161668300;47896,9;10874350,7;48580;NA;NA;232725;22906792,8;8296515;6920663;2181115;526097,8;692786,7;NA;61131641;12775633;57783;116098,2;2028587,9;11021443;24224623
"2017-12-31";365305,1;997734,3;72906,3;NA;NA;NA;NA;NA;24696,6;2502011;3680454;4421370;15448849;21799,3;59081,1;966350;19798231,7;230390;3670398;131337;31108959;1392171;NA;NA;1220867;NA;NA;19913,8;328482,4;13006;NA;NA;14801,5;NA;2178741;3067242;869898;197141,5;230880,3;NA;NA;6017577;22408;45108,4;960448,2;2336271;NA;1051517,6;1926923,6;156964,9;NA;NA;NA;NA;NA;515667,2;8916178;13123032;11701556;NA;41122,4;362444,9;3342945;NA;604390;9843932;714125,3;96495077;4733106;NA;NA;5028719;NA;NA;50998,3;10946300;47851;NA;NA;257286,9;NA;8652054;9683485;2527273;616886,8;782251,5;NA;NA;20030505;62159;146031,1;3370697,7;20191022;NA;173236,7;155165,2;31501,4;NA;1480548;355495;NA;NA;7030,8;1543746;1267018;1062370;NA;11786,1;78136;416819;NA;295875;1064994;182191,5;12291218;79117;NA;NA;502617;NA;NA;13146;44489,6;8937;NA;NA;3684,2;NA;245912;11663505;553591;75666,9;207499;NA;NA;3900791;26623;19651,8;551796,8;714489;4857711;682130,5;1317332,3;142684,6;NA;NA;NA;NA;NA;46267,9;5769034;6060227;6695798;NA;28073,5;266856,2;2245335;NA;325673;5419481;447316,5;50404065;373945;NA;NA;4237687;NA;NA;40718,6;93846,9;24197;NA;NA;27872,8;NA;2447657;4730807;2036401;409432;588133,4;NA;NA;13894297;49545;81123;1329101,2;6691056;NA;846692,3;1938389,1;139100,2;NA;NA;NA;NA;NA;505220,1;6760711;6810400;5674746;50190087,1;39574;459488,6;2880647;66228752,6;628374;7191134;479410,2;110379739;5770114;NA;NA;2773072;NA;NA;51072;10975787,2;51006;NA;NA;245038,2;NA;8286865;7194886;2170166;543818;745077,1;NA;NA;13983676;57659;135736,6;2588406,2;11019733;NA;530149,7;1514578,5;176140,3;NA;3519453;1329171;NA;NA;56343,5;5833639;4596253;5464814;26414013,2;44526,3;67521,9;2506642;32498133,2;417369;9534587;592114,7;56100910;1660820;NA;4417225;1842769;NA;NA;39385,6;464728,9;24096;NA;NA;26759,9;NA;2612326;8499017;1605737;356233,6;751438;NA;NA;14930012;45188;73735,4;5049615,6;2403315;27325616;1475364,8;2394364,3;185350,9;NA;13821564;6934497;NA;NA;535030,1;12422202;14960057;17294931;NA;51266,2;417066,9;4635817;NA;845681;14904841;722240,7;110173026;5005910;NA;13355902;6884520;NA;NA;59326,8;15421099,1;58095;NA;NA;282827,1;NA;10799491;12638991;3110244;815161,5;791913,5;NA;NA;27577640;72548;148824,1;4267722,6;21872286;97040851;277378,1;198491,3;32440,7;NA;1652669;359126;NA;NA;15215,8;1799735;1286873;1249405;NA;13962,9;109192,8;683324;NA;301731;1354060;356457,1;14038236;84420;NA;1533031;562774;NA;NA;17150,7;45321,7;11880;NA;NA;3942,6;NA;339866;11874086;669811;153236,8;270370,6;NA;NA;4197210;30251;42801,5;678165,3;714489;5608278;682130,5;1326862,6;142691,1;NA;7008120;2560693;NA;NA;47184,5;5771233;6060227;6696342;NA;28760,6;266856,2;2245335;NA;325871;5428951;447316,5;50581565;373945;NA;7005967;4374318;NA;NA;40718,6;94343,4;24197;NA;NA;27872,8;NA;2462066;4732281;2036401;413854,9;588172,7;NA;NA;13898977;49545;81123;1329101,2;6691056;80394686;846692,3;1938389,1;139100,2;NA;4359562;3912811;NA;NA;505220,1;6760711;6810400;5674746;50190087,1;39574;459488,6;2880647;66228752,6;628374;7191134;479410,2;110379739;5770114;NA;3297190;2773072;NA;NA;51072;10975787,2;51006;NA;NA;245038,2;NA;8286865;7194886;2170166;543818;745077,1;NA;NA;13983676;57659;135736,6;2588406,2;11019733;27041670
"2018-12-31";380653;885591,6;77831,9;NA;NA;NA;NA;NA;24775,6;2762694;3653128;4252511;15444248,9;22357,9;61241,1;1000805;19847183,6;225962;3675893;138798,8;34372918;1412757;NA;NA;1237701;NA;NA;22632,1;311778,5;13034;NA;NA;17059,6;NA;2228878;3069114;893619;202806,5;263505,5;NA;NA;6410946;23632;43563,1;1217297,5;2389312;NA;1057884,5;1871212,8;165516,6;NA;NA;NA;NA;NA;514285,1;9447977;13430165;11285243;NA;43679;351162,9;3361050;NA;750424;10164496;746329,8;84291519;4956714;NA;NA;5070925;NA;NA;54616;10634773,3;46006;NA;NA;264695,2;NA;8384674;9994854;2687653;617282,8;812757,1;NA;NA;19245401;64289;144433;4036504,3;19646710;NA;171661,9;156558,7;32149,6;NA;NA;NA;NA;NA;13882,4;1581160;1291008;1104402;NA;10113,4;95049,7;432711;NA;289745;1071242;186958;13143338;92324;NA;NA;509157;NA;NA;12622,1;46009,5;9700;NA;NA;3920;NA;241698;11572308;591983;73720;227301,8;NA;NA;4020081;27788;20102,9;530932,3;734601;NA;688479,3;1293973,3;153891,2;NA;NA;NA;NA;NA;46458,4;6172587;6193735;6616589;NA;30986,6;248511,3;2213308;NA;327107;5365292;472201,1;55785630;372120;NA;NA;4080067;NA;NA;43192,3;98156,7;26069;NA;NA;27863,5;NA;2486904;4861535;2084259;425726,4;569346;NA;NA;13871748;53303;84670,8;1592280,3;6674598;NA;845074,1;1788281,6;139637;NA;NA;NA;NA;NA;511773,4;7072571;6710861;5216485;50103899,6;40495,7;466473,9;2943597;66021958,7;766240;7495813;475172,8;99169484;6013283;NA;NA;2748185;NA;NA;52235,8;10642408,4;48538;NA;NA;254097,1;NA;8028222;7268429;2196310;545437,3;779811,5;NA;NA;13103358;58567;144316,3;3186617,7;11221418;NA;551596,8;1391932,5;188827,2;NA;NA;NA;NA;NA;55758,6;6030205;4579551;5105035;26449189;43985,7;68819,7;2501447;32530983,8;424442;9546308;622970,7;62970359;1711578;NA;4080654;1854790;NA;NA;42582,9;447450,1;23937;NA;NA;30021,8;NA;2688773;8554640;1661063;366309,1;880234,1;NA;NA;15035273;47178;72727,7;5094953,8;2456258;NA;1499418,6;2319590,2;196477,6;NA;NA;NA;NA;NA;532019;13176363;15212720;16766714;NA;54547,9;389530,6;4536783;NA;1009425;15291969;751909,2;98661665;5238967;NA;13281075;6903450;NA;NA;64119,9;15111515,1;56418;NA;NA;290295,9;NA;10392747;12808073;3280192;811976,2;823461,4;NA;NA;26817507;75009;159515,1;4977434,8;21411464;NA;272208,2;200249,4;32992,9;NA;NA;NA;NA;NA;26105,3;1864659;1310762;1287761;NA;12354;138478,6;717941;NA;294449;1379058;365216,8;15487792;97810;NA;1586457;569669;NA;NA;13044,2;46919,9;13127;NA;NA;4145,2;NA;337269;11769973;716597;152003,3;288567,3;NA;NA;4332630;31857;44891,7;756867;734601;NA;688479,3;1303345,5;153895,7;NA;NA;NA;NA;NA;47363,5;6174992;6193735;6617132;NA;31744,3;248511,3;2213308;NA;327325;5375142;472201,1;55970880;372120;NA;7304880;4218932;NA;NA;43192,3;98685,7;26070;NA;NA;27863,5;NA;2501477;4863069;2084259;429987,2;569346;NA;NA;13876473;53303;84670,8;1592280,3;6674598;NA;845074,1;1788281,6;139637;NA;NA;NA;NA;NA;511773,4;7072571;6710861;5216485;50103899,6;40495,7;466473,9;2943597;66021958,7;766240;7495813;475172,8;99169484;6013283;NA;3596508;2748185;NA;NA;52235,8;10642408,4;48538;NA;NA;254097,1;NA;8028222;7268429;2196310;545437,3;779811,5;NA;NA;13103358;58567;144316,3;3186617,7;11221418;NA
